price,bedrooms,bathrooms,sqft_living,sqft_lot,floors,waterfront,view,condition
313000,3,1.5,1340,7912,1.5,0,0,3
2384000,5,2.5,3650,9050,2,0,4,5
342000,3,2,1930,11947,1,0,0,4
420000,3,2.25,2000,8030,1,0,0,4
550000,4,2.5,1940,10500,1,0,0,4
490000,2,1,880,6380,1,0,0,3
335000,2,2,1350,2560,1,0,0,3
482000,4,2.5,2710,35868,2,0,0,3
452500,3,2.5,2430,88426,1,0,0,4
640000,4,2,1520,6200,1.5,0,0,3
463000,3,1.75,1710,7320,1,0,0,3
1400000,4,2.5,2920,4000,1.5,0,0,5
588500,3,1.75,2330,14892,1,0,0,3
365000,3,1,1090,6435,1,0,0,4
1200000,5,2.75,2910,9480,1.5,0,0,3
242500,3,1.5,1200,9720,1,0,0,4
419000,3,1.5,1570,6700,1,0,0,4
367500,4,3,3110,7231,2,0,0,3
257950,3,1.75,1370,5858,1,0,0,3
275000,3,1.5,1180,10277,1,0,0,3
750000,3,1.75,2240,10578,2,0,0,5
435000,4,1,1450,8800,1,0,0,4
626000,3,2.25,1750,1572,2.5,0,0,3
612500,4,2.5,2730,12261,2,0,0,3
495000,4,1.75,1600,6380,1,0,0,3
285000,3,2.5,2090,10834,1,0,0,4
615000,3,1.75,2360,7291,1,0,0,4
698000,4,2.25,2200,11250,1.5,0,0,5
675000,5,2.5,2820,67518,2,0,0,3
790000,3,2.5,2600,4750,1,0,0,4
382500,4,1.75,1560,8700,1,0,0,4
499950,4,2.5,2860,3345,2,0,0,3
650000,4,2,1820,5000,1.5,0,1,3
625000,4,2.5,2820,8408,2,0,0,3
400000,4,2.5,3630,42884,1.5,0,0,3
604000,3,2.5,3240,33151,2,0,2,3
440000,2,1,800,4850,1,0,0,4
287200,3,3,1850,19966,1,0,0,4
403000,3,2,1960,13100,1,0,2,5
750000,3,2.5,2390,6550,1,0,2,4
335000,3,2.25,1580,16215,1,0,0,4
260000,4,2,1480,8625,1,0,0,4
308500,2,1,850,6174,1,0,0,4
439950,3,2.5,1770,2875,2,0,0,3
235000,2,1,1210,9400,1,0,0,2
315000,3,1,1160,9180,1,0,0,3
437500,3,2.25,1970,35100,2,0,0,4
407500,3,2.5,1930,10460,2,0,0,3
445700,3,2.5,1270,1180,3,0,0,3
838000,4,2.5,3310,42998,2,0,0,3
630000,4,2.75,2710,37277,2,0,0,3
550000,3,1.75,2910,35200,1.5,0,0,3
805000,3,2,2710,4500,1.5,0,0,4
284000,3,1.75,1800,23103,1,0,0,3
470000,5,2.5,2210,9655,1,0,0,3
430000,4,1.5,1920,10000,1,0,0,4
491500,4,1.75,2190,125452,1,0,2,3
785000,5,3.25,3660,11995,2,0,2,3
385000,3,3.25,1320,1327,2,0,0,3
295000,2,2.5,1630,1368,2,0,0,3
555000,4,2.5,3310,6500,2,0,0,3
459990,3,2.5,2680,5539,2,0,0,3
625000,4,3.25,2730,54014,1,0,0,3
300000,3,2.5,2540,5050,2,0,0,3
625000,4,2.75,2920,6605,2,0,0,3
553000,2,1,900,5000,1,0,0,3
379880,3,2.5,1650,14054,1,0,0,4
310000,3,1,1010,9945,1,0,0,4
775000,2,2.5,2680,7392,1,0,0,3
365000,3,2.5,2200,7350,1,0,0,5
331950,4,2.5,2530,9933,2,0,2,3
783500,3,2.5,2850,7130,2,0,0,3
628000,4,2,2280,6010,1,0,0,3
560000,3,2.5,1900,8744,2,0,0,3
900000,3,1,1330,77972,1,0,0,3
531000,2,3,1270,1175,2,0,0,3
831000,4,3,2170,4000,2,0,0,4
780000,4,2.5,2730,10281,2,0,2,3
755000,4,2.5,2120,10202,1,0,0,4
705380,3,2.5,2490,4343,2,0,0,3
627000,4,2.25,1990,7712,1,0,0,3
865000,4,3,3690,9892,2,0,0,3
580000,2,1,2540,7000,1,0,0,5
410000,3,2.25,1800,36704,1,0,0,4
485000,4,3,2340,7048,1,0,0,4
400000,2,1.75,2110,9519,1,0,0,2
549000,2,1,1140,5400,1,0,0,5
620000,3,1.75,1480,2185,2.5,0,0,3
405000,2,3,1410,1240,2,0,0,3
232000,2,1,1200,8063,1,0,0,4
800866,5,2.5,3180,13806,2,0,0,4
650000,3,1.5,2160,9000,1,0,2,4
823000,6,1.75,2920,5000,2.5,0,0,4
770000,3,2,2350,5700,1.5,0,0,4
524000,3,1.75,1560,5520,1,0,0,4
541125,5,2.75,2740,8426,1,0,0,4
670000,3,2.5,1680,2000,3,0,0,3
384900,5,2.5,3090,12750,1,0,0,3
406100,3,2.25,1410,1332,3,0,0,3
1395000,5,3.5,4010,8510,2,0,1,5
736500,4,2.5,3180,21904,2,0,3,3
570000,3,2.25,2010,6000,1,0,0,3
787000,3,1.75,1330,7500,1,0,0,3
328000,4,2.5,2370,6500,2,0,0,3
435000,5,2,1840,9240,1,0,0,4
499000,4,2.5,2910,6479,2,0,0,3
501000,4,1,2070,7519,1,0,0,3
1090000,4,2.5,4340,141570,2.5,0,0,3
400000,2,1,840,5510,1,0,0,3
220000,4,1.5,1240,9600,1,0,0,3
657100,4,1,1390,4240,1,0,0,3
309950,4,2.75,2310,5000,2,0,0,3
300000,3,2,1050,10072,1,0,0,3
525888,5,1.75,2550,71874,1,0,0,5
740000,4,1.75,2010,3600,1.5,0,0,3
340000,5,1,1120,9022,1.5,0,0,4
398750,3,2.5,2230,4000,2,0,0,3
206000,2,1,810,7158,1,0,0,5
1030000,5,2.75,3190,16920,1,0,3,3
600000,3,1.75,1670,39639,1,0,0,4
379950,4,1.75,1970,9389,1,0,0,5
287000,3,1,1450,6000,1,0,0,4
2280000,7,8,13540,307752,3,0,4,3
309950,3,2.5,1880,7838,2,0,0,3
600000,3,1.75,1880,6360,1,0,0,4
418000,3,2,1410,6030,1.5,0,0,4
449250,4,2,1480,3844,1.5,0,0,5
329950,2,1,1140,5250,1.5,0,0,4
245000,3,1.75,1920,9306,1,0,0,3
549000,4,2.5,2910,6338,2,0,0,3
800000,3,2.5,3240,7857,2,0,0,3
249950,3,2,1550,15040,1,0,0,4
210000,5,2,2050,10200,1,0,0,3
1425000,2,2.5,2220,4000,2,0,0,3
585000,2,1,1770,8640,1.5,0,0,3
615000,4,1.75,2300,11700,1,0,0,4
618500,3,2,1800,5000,1,0,0,4
487585,4,1.75,2010,9211,1,0,0,3
509900,3,2.5,1790,2700,2,0,0,3
631625,4,2.5,2440,6651,2,0,0,3
555000,3,2.5,1940,3211,2,0,0,3
340000,2,1.5,1160,1438,2,0,0,3
830000,4,2.5,3400,9692,2,0,0,3
890000,4,4.25,4420,5750,2,0,0,3
366750,3,3,1571,2017,3,0,0,3
415000,3,2.25,1620,998,2.5,0,0,3
416286,3,2.5,1408,989,3,0,0,3
478000,3,2.5,3040,4535,2,0,0,3
890000,5,3.5,4490,6000,2,0,0,3
419190,2,2.5,1590,1426,2,0,0,3
712198,4,2.5,2450,4247,2,0,0,3
397000,4,2,1440,7680,1,0,0,3
450000,2,2,1100,3000,1.5,0,0,3
353000,3,1,1350,7740,1,0,0,4
609000,4,2.5,2150,37981,2,0,0,3
234000,3,1.75,1490,8366,1,0,0,4
561000,3,2,2000,7000,2,0,0,3
469000,2,1,1030,4400,1,0,0,3
329350,2,1,720,6687,1,0,0,3
488000,5,2,2020,5000,1.5,0,0,4
279900,3,1.75,1580,8151,1,0,1,4
606000,4,2.5,2110,13850,2,0,0,3
312000,4,2,1300,7054,1,0,0,3
650000,3,1.5,1630,7475,1,0,1,3
1135000,4,2.75,3370,8103,1,0,3,3
325000,4,2.5,1890,6156,1,0,0,3
425000,4,2,1520,7983,1,0,0,5
219000,2,1,900,5160,1,0,0,3
250000,3,1,1050,6874,1,0,0,3
390000,3,1.75,1260,6500,1,0,0,4
475000,6,3,3470,117612,1.5,0,0,3
736000,4,2.5,2290,12047,2,0,0,4
407000,4,2.25,2810,23400,1,0,1,3
272000,3,2.5,1650,13816,2,0,0,3
362000,3,2.25,1640,14374,1,0,0,4
535000,3,2.5,1850,10109,2,0,0,3
284000,4,2.5,2000,5390,2,0,0,3
367500,3,1.5,1410,9647,1,0,0,3
379900,4,1.75,1500,11600,1,0,0,4
520000,3,2.5,2460,54885,2,0,0,4
175000,3,1,1010,7034,1,0,0,3
460000,2,2.25,1230,929,2,0,0,3
345000,4,2.5,2331,3826,2,0,0,3
455000,5,2.5,2240,7770,1,0,0,3
610000,4,3,2450,10117,1,0,0,5
563000,4,3,3100,15480,2,0,0,3
612500,4,2,2060,5000,1,0,0,3
218000,3,1.75,1850,7684,1,0,0,3
404000,4,1.75,1840,10720,1,0,0,3
860000,4,2,3740,32417,2,0,0,3
136500,3,1.5,1420,8580,1,0,0,3
313950,3,1,1510,6083,1,0,0,4
575000,3,1.75,2130,6500,1,0,2,3
1225000,4,2.25,3490,6906,2,0,0,4
280000,3,1.75,1630,11800,1,0,0,4
515000,3,2.5,1790,7167,2,0,0,3
513000,4,2.5,2000,5684,2,0,0,3
599000,4,2.25,2260,29930,2,0,0,4
685000,4,2.5,3030,7864,2,0,0,3
365000,3,1.5,1310,8160,1,0,0,3
762300,4,2.5,3880,14550,2,0,0,3
1580000,4,3.25,3760,10920,1.5,0,0,5
562000,5,2.25,3040,8111,2,0,0,3
530000,5,2.5,2910,9636,1,0,0,4
525000,3,2.5,2970,11985,1,0,0,3
484000,2,1.75,1660,6000,1,0,0,3
725126,4,2.5,3200,12369,2,0,0,3
360000,4,2,2680,18768,1,0,0,5
387000,3,1,1230,9568,1,0,0,5
483500,4,2.5,2740,45732,2,0,0,3
655500,4,3.5,3380,8330,2,0,0,3
345000,3,1,1110,6250,1,0,0,3
533000,5,2.75,1800,3780,1.5,0,0,3
385000,3,1.75,1900,5520,1,0,0,3
675000,2,1,930,36478,1,0,2,3
197000,3,1.75,1690,7735,1,0,0,4
485000,3,2,1420,4080,1.5,0,0,3
1870000,5,4,4510,15175,2,0,0,3
295000,3,2.25,1980,8000,1,0,0,4
499000,2,1.75,1170,2400,1,0,0,4
1050000,3,2.5,2200,1970,2,0,0,3
191000,3,1.5,800,8850,1,0,0,4
500000,3,2.5,1480,1171,3,0,0,3
390000,5,3.75,2890,5000,1,0,0,3
979000,3,2.5,2690,4047,3,0,0,3
580000,4,3.25,3569,8327,2,0,0,3
369950,3,2,1270,1320,3,0,0,3
1800000,5,5,4490,10279,2,0,0,3
776000,4,2.5,3040,6425,2,0,0,3
519950,3,2.25,1170,1249,3,0,0,3
255000,5,2.25,2060,8632,1,0,0,3
495000,3,1,990,6000,1,0,0,3
510000,4,2.5,2430,5203,2,0,0,3
1150000,4,4,4460,103382,2,0,0,3
253000,3,1.75,1250,10122,1,0,0,3
503000,3,2.75,1540,6760,1,0,0,5
275000,3,2.5,1600,7000,2,0,0,4
249000,3,1,1110,8423,1,0,0,3
310000,3,1.75,1840,10723,1,0,0,4
750000,3,2.75,2520,5401,1,0,0,4
630000,3,2.5,2680,327135,2,0,0,3
599999,9,4.5,3830,6988,2.5,0,0,3
758000,4,2.75,2410,9549,1,0,0,4
248500,4,1.75,1720,10018,1,0,0,5
310000,3,1.75,2070,37904,1,0,0,4
460000,3,2,1760,9055,2,0,0,4
675000,3,1.75,1680,10500,1,0,0,4
526000,2,2,1550,2400,1.5,0,0,4
560000,3,3,4120,60392,2,0,2,3
415000,4,3,1830,9548,2,0,0,3
246000,3,1,1400,7410,1,0,0,3
314500,3,1.75,1870,12381,1,0,0,4
3200000,7,4.5,6210,8856,2.5,0,2,5
420000,2,1.5,1040,3500,1.5,0,0,4
535000,3,1.75,2720,149410,1.5,0,0,3
350000,3,1,1010,9360,1,0,0,3
515000,3,1.75,1580,9147,1,0,1,4
749950,4,2.75,2600,6050,2,0,0,5
230000,3,2.5,1920,9180,2,0,0,3
568000,3,2,2350,5080,1.5,0,0,3
250000,1,1,1100,4373,1,0,0,2
581000,4,2,2510,13695,1,0,0,4
651000,3,2.5,3240,108366,2,0,0,4
600000,3,2.5,2460,108900,1,0,0,4
500000,2,1,1010,3885,1.5,0,0,4
475000,2,1,820,2723,1,0,0,3
352000,5,2.5,2420,8560,1,0,2,3
420000,3,2.25,1770,8165,2,0,0,3
428000,2,2,1350,3900,1,0,0,3
599000,3,1.75,1960,4788,1,0,0,4
492000,4,2.5,3305,16164,1.5,0,0,5
630000,2,2.25,2550,5663,1,0,0,3
900000,5,3.75,4130,226076,2,0,0,3
1110000,4,1.5,2310,13300,1,0,0,3
575000,4,2,1650,5000,1,0,0,3
705000,4,2.5,2650,4316,1.5,0,0,3
940000,4,2.25,1890,5940,1,0,1,3
313000,3,1.75,2190,8000,1,0,0,4
618080,3,2.5,2030,6500,2,0,0,3
640000,3,3,2270,5175,2,0,0,3
485000,3,2,1610,4160,1,0,0,4
300000,2,1,760,3001,1,0,0,3
379500,2,1,1640,17335,1,0,0,3
339950,3,2.25,1630,12295,2,0,0,4
1500000,6,2.5,3560,6480,2.5,0,0,4
1340000,3,3,2960,5500,2,0,2,3
500000,3,2.5,1940,37565,1,0,0,4
239900,3,2,1410,7566,1,0,0,3
314950,3,1,1040,16986,1,0,0,4
361280,2,1,820,6400,1,0,0,4
100000,2,1,910,22000,1,0,0,3
540000,7,5.75,3700,7647,2,0,1,3
480500,4,2.5,2180,11200,1,0,0,4
280000,3,2.5,1600,4271,2,0,0,3
440000,3,1.75,1500,6180,1,0,0,4
530000,3,1,1340,4284,1,0,0,3
560000,3,2,1860,13374,1,0,0,3
775000,3,2,2540,7200,1.5,0,3,4
160000,2,1,1040,13100,1,0,0,5
209950,3,1.5,1380,11130,1,0,0,3
226500,3,1.75,1640,10762,1,0,0,3
380000,5,1.75,3000,6000,1,0,0,5
409500,4,2.75,2140,13000,1,0,0,3
690000,3,2,1760,6428,1,0,0,4
405000,3,2.25,1660,8307,1,0,0,4
375000,3,2.5,1830,13042,2,0,0,3
794154,4,2,2210,8556,1,0,1,4
185000,4,1,1490,6600,1,0,0,3
245000,3,1.5,1260,1270,2,0,0,3
1532500,5,4.5,4270,8076,2,0,0,3
1040000,4,3.5,3900,8391,2,0,0,3
425000,2,2.5,1150,1027,3,0,0,3
495000,4,2.75,2656,21195,2,0,0,3
365000,5,2.75,2410,5003,1,0,0,3
417250,3,2.25,1606,1452,3,0,0,3
339950,2,1,820,681,3,0,0,3
615000,2,1,1540,6872,1,0,0,4
403000,3,2.75,2090,8354,2,0,0,3
980000,5,2.5,3160,11470,1,0,0,4
258000,4,1.75,1730,8320,1,0,0,3
533000,3,1,1670,4080,1,0,0,3
537500,4,2.5,2550,4630,2,0,0,3
830000,5,3,3040,9601,1,0,0,5
712000,3,1,1250,4620,1.5,0,0,4
262000,4,2.5,2020,6236,2,0,0,3
753888,4,2.5,2660,5500,2,0,2,3
134000,2,1.5,980,5000,2,0,0,3
402000,3,2.5,1960,8000,1,0,0,4
205000,2,1,720,5040,1,0,0,3
553650,2,2.5,1360,1349,2,0,0,3
559950,2,2,1870,4950,1,0,0,3
260000,4,1.5,2130,8800,1,0,0,3
270000,4,2.5,1810,6509,2,0,0,3
295000,2,1.75,2200,89298,1,0,0,3
719000,3,2.5,1690,4500,1.5,0,1,4
266000,3,2.5,1940,8547,1,0,0,3
325900,4,2.5,2320,6270,2,0,0,3
647500,4,1.75,2060,26036,1,0,0,4
1039000,4,1,3410,5000,2,0,0,5
569000,4,2.25,2250,41688,2,0,0,3
246000,3,1.75,1390,7399,1,0,0,4
515000,2,1,1060,4960,1,0,0,3
207000,3,1,1490,8995,1,0,0,4
780000,4,1.75,2480,9195,1,0,0,3
489990,5,2.25,2440,20828,1.5,0,0,4
335000,3,1.5,2240,87625,1.5,0,0,2
295000,3,2.5,1920,7229,2,0,0,3
385000,3,1.75,1890,9920,1,0,0,3
350000,4,1.75,2250,13515,1,0,0,4
235000,2,1,1270,3008,1,0,0,4
358000,2,1.5,960,1808,2,0,0,3
716500,4,2.5,3290,6465,2,0,0,3
228000,4,1.75,2000,6120,1,0,0,3
405000,2,1,1020,8155,1,0,0,4
538000,4,1.75,1840,9600,1,0,0,3
530000,3,1.75,1980,6760,1,0,0,4
1750000,6,3,3510,5760,2.5,0,0,4
636000,2,1.75,1230,3600,1.5,0,0,5
535000,4,2.5,2280,65836,2,0,0,3
1500000,3,1.75,2430,12757,1,0,2,4
868500,3,2.5,2920,3942,3,0,0,3
530000,4,2.75,2280,2850,1.5,0,0,4
450000,3,2,1510,43560,1,0,0,3
230000,3,1.75,950,6000,1,0,0,3
229000,3,2.5,1190,3000,2,0,0,3
437000,3,1.75,1310,9282,1,0,0,4
1307000,5,3.25,2800,3200,1.5,0,0,5
595000,3,2.5,1750,3354,2,0,0,4
660000,3,1.75,1320,5750,1.5,0,0,5
347500,4,2.5,2460,7350,2,0,0,3
297950,3,2,1240,10800,1,0,0,3
245000,3,1.5,1260,7964,1,0,0,4
543200,6,2.25,2820,15600,1.5,0,2,5
1250000,4,3.25,3820,24166,2,0,1,4
413450,3,2.5,1540,1614,3,0,0,3
330000,2,2,1550,435600,1.5,0,0,2
424500,3,1.75,1460,7700,1,0,0,3
230000,3,1,1390,16000,1,0,0,4
930000,3,3.25,2640,4080,2,0,0,3
349000,3,1.75,1590,9620,1,0,0,3
835000,4,2,1910,6960,1.5,0,0,5
988500,3,2.75,2015,16807,2,1,4,3
500000,3,1.75,1410,1197,3,0,0,3
499000,2,1.5,1110,957,2,0,0,3
321950,2,1.25,860,1277,2,0,0,3
494000,3,2.5,2310,4729,2,0,0,3
441750,2,1.5,1020,1060,3,0,0,3
438000,2,1,980,1179,2,0,0,3
985000,4,2.25,4230,37769,2,0,0,3
352000,3,2.25,1640,11050,1,0,0,4
839900,4,3.5,3810,13592,1,0,1,3
765000,4,2.75,2790,10819,2,0,0,3
460000,4,1.75,1750,5500,1.5,0,0,5
224500,4,1,1430,8355,1.5,0,0,4
254000,3,2.5,1850,4597,2,0,0,3
255000,2,1,960,28717,1,0,0,4
610000,3,3,2480,45302,1,0,0,4
920000,4,3,3750,11025,2,0,0,3
402500,4,2.5,2600,11951,2,0,0,3
280950,3,1.75,1390,8700,1,0,3,4
604000,4,2.5,2260,7753,2,0,0,3
565000,4,2.25,2470,7447,2,0,0,3
255000,2,1,810,7980,1,0,0,1
445000,4,2,1650,6000,1,0,0,5
2400000,3,2.25,3000,11665,1.5,1,4,3
195000,2,1,720,18000,1,0,0,3
275000,3,1.5,1390,48257,1,0,0,3
387000,3,2.25,1445,1606,2,0,0,3
490000,2,1,1840,3300,1.5,0,0,4
505000,3,2.5,2100,5824,2,0,2,3
303500,3,1.5,1060,10464,1,0,0,4
270000,3,1.5,1500,6337,1,0,0,5
323000,4,2.75,1970,7213,1,0,0,3
382000,3,3.25,1410,1253,3,0,0,3
1370000,4,2.75,3720,9450,1,0,4,5
280000,4,2,2190,14439,1,0,0,4
260000,3,2,1920,8075,1,0,0,4
201500,3,1,1160,8320,1,0,0,4
1157200,4,4.25,5860,52889,2,0,0,4
536500,4,1.75,2000,4000,1.5,0,0,5
248000,4,3,2163,5883,2,0,0,3
532000,5,3,3480,57499,1,0,0,4
580000,4,2.5,2840,6268,2,0,0,3
463000,2,1,1150,4400,1,0,0,4
742500,4,2.75,3100,3773,2,0,0,3
260000,3,2.5,1420,14850,1,0,0,4
590000,4,2.25,2430,32496,1,0,0,3
312000,4,2.25,1930,7452,1,0,0,3
566000,3,2.25,1660,10140,1,0,0,4
511555,3,2,1400,7293,1,0,0,4
583000,4,2.5,2660,4000,2,0,0,3
290000,4,2.5,2000,13300,1,0,0,4
311100,4,2.25,2130,8078,1,0,0,4
325000,3,2.25,1352,1694,3,0,0,3
491300,3,1.75,1750,11340,1,0,1,4
315000,5,1.75,2320,8100,1,0,0,4
360000,2,1,1420,81892,1,0,0,3
330000,4,2.5,1940,3784,2,0,0,3
481450,3,2,1410,4800,1,0,0,3
234950,3,1,1360,9948,1,0,0,3
251000,3,1.75,1220,7250,1,0,0,3
782000,4,2.5,2830,20345,2,0,0,3
833000,4,2.75,3780,10308,2,0,0,3
542500,4,2.5,2330,14289,2,0,0,4
851000,3,2.5,3560,107290,2,0,0,3
325000,4,1.5,1470,70800,1,0,0,3
415000,4,2.25,3060,48787,2,0,0,3
252500,3,1,1030,6127,1,0,0,3
465000,4,2.5,1930,9653,1,0,0,4
336900,3,1.75,1780,120661,1,0,0,4
225000,3,2.5,2000,9202,2,0,0,4
270000,3,2,1690,9583,1,0,0,4
1702500,5,4.5,5190,23716,2,0,2,3
536000,3,1.75,1300,5413,1.5,0,0,3
585000,4,3.25,2400,29252,2,0,0,4
445000,2,2,1150,6634,1,0,0,3
320000,4,2.25,2310,7490,2,0,0,3
769900,4,3.5,2730,3047,2,0,0,3
557000,4,2.5,2840,4500,2,0,0,3
212000,2,1.5,1020,1525,2,0,0,3
376000,3,2,1340,1384,3,0,0,3
800000,4,3.25,3540,159430,2,0,0,3
2238888,5,6.5,7270,130017,2,0,0,3
324000,3,2.25,998,904,2,0,0,3
549900,5,2.75,3060,7015,1,0,0,5
320000,3,2.5,2130,6969,2,0,0,3
875000,4,2,2520,6000,1,0,0,3
265000,4,1,1940,9533,1,0,0,3
394950,3,2.5,1350,1250,3,0,0,3
842500,4,2.5,2160,5298,2.5,0,0,4
368000,3,2.5,1370,1350,2,0,0,3
1225000,4,4.5,5420,101930,1,0,0,3
885000,4,2.5,2830,5000,2,0,0,3
453246,3,2.5,2010,2287,2,0,0,3
927000,4,2.75,3300,12090,2,0,0,3
490000,2,2.5,1230,1391,2,0,0,3
341000,3,1.5,1720,7119,1.5,0,0,4
235000,1,1,810,2451,1,0,0,5
1200000,3,1.75,1560,8078,1.5,1,4,4
560000,3,2,2560,216777,1,0,0,3
900000,4,3.25,4700,38412,2,0,0,3
255000,2,1,1220,2500,1,0,0,3
1575000,5,2.75,3650,20150,1,0,0,4
876650,3,3.25,2170,12508,1.5,0,0,5
540000,4,2.25,2540,228254,1,0,0,3
350000,2,1,910,4500,1.5,0,0,4
750000,4,2.5,2980,4930,2,0,0,3
582000,4,1.75,2120,4650,1,0,1,3
1315000,4,3.5,3460,3997,2,0,0,3
372500,5,3,2480,10090,1,0,0,3
410000,3,2.25,2200,16921,2,0,0,3
360000,4,2,1730,5500,1,0,0,5
1015000,3,2.5,2920,34527,1,0,4,4
225000,3,1,990,8012,1,0,0,4
647000,4,2.5,3040,6887,2,0,0,3
950000,5,3,4530,258746,1.5,0,0,4
185000,3,1.5,1370,8470,1,0,0,4
335000,3,2.5,1940,4927,2,0,0,3
210000,3,2.5,1040,2643,2,0,0,3
522000,4,2.25,1800,8623,1,0,0,4
770000,3,1.75,1720,5000,1,0,0,3
499950,3,1,980,6380,1,0,0,3
751000,4,2.5,3110,6142,2,0,0,3
330000,5,3,2100,7715,1,0,0,3
465000,3,1.5,2020,11358,1,0,0,4
850000,4,1.75,2350,11914,1,0,0,4
947500,4,2.25,3290,12329,1.5,0,0,4
302000,5,2.25,2180,7813,2,0,0,3
500000,2,2.25,1290,1334,3,0,0,3
201000,3,1,1460,9750,1,0,0,4
265000,2,1,1290,2828,2,0,0,3
870300,4,2.5,2350,3150,1.5,0,0,4
339000,3,1,1080,8100,1,0,0,4
690000,4,2.5,2670,13463,2,0,0,4
788000,4,3.25,3680,5759,2,0,0,3
315275,3,1.75,1440,8040,1,0,0,3
505000,4,1.75,1940,4800,1,0,0,5
368000,3,1,1280,9898,1,0,0,3
947500,3,2.75,2980,27144,1.5,1,2,5
156000,3,1,970,8580,1,0,0,3
610000,4,3,2110,5000,1.5,0,2,4
420000,2,2.5,1480,1369,3,0,0,3
192000,2,1,700,10540,1,0,0,3
910000,3,2,2700,6120,1,0,0,4
1300000,4,3.25,2330,9687,2,0,3,3
1346400,5,1.75,3380,20021,1,0,0,4
840000,4,2.75,2600,2750,1.5,0,0,3
300000,2,1.75,1360,8100,1,0,0,3
505000,4,2.5,2780,6369,1,0,0,3
110000,3,1,1250,53143,1,0,0,5
746000,3,2.5,2620,8950,2,0,0,3
211000,3,1.5,1350,7620,1,0,0,5
675000,4,3,2400,3340,1,0,0,4
734200,4,2.5,2760,5000,1.5,0,0,5
1225000,4,2.25,3070,16028,1,0,3,3
615000,2,1.75,2040,28593,1.5,1,3,4
630000,4,2,1770,6000,2,0,0,5
1264000,4,3.75,3490,9170,2,0,0,3
301500,2,1.5,830,1333,2,0,0,3
369000,2,2.5,980,895,2,0,0,3
635000,3,2.5,1570,1433,3,0,0,3
1033888,4,3.25,3270,5187,2,0,0,3
383000,4,2.5,2160,6223,2,0,0,3
1050000,4,3.75,3280,11000,2,0,0,3
455000,4,2.5,3360,7685,2,0,0,3
819900,5,2.75,3150,7119,2,0,0,3
625000,3,3.5,1810,1846,2,0,0,4
651000,4,2.5,2740,7140,2,0,0,3
480000,5,4.75,3830,35000,1,0,0,3
757000,3,3.25,3190,5283,2,0,0,3
460000,3,2.25,2350,10450,1,0,0,3
267345,4,2.25,2510,8165,1,0,0,4
530000,2,2,1680,4950,1,0,0,3
449500,3,2,1770,6610,1,0,0,4
289000,3,1,1090,7315,1,0,0,5
373000,5,2.5,3001,5710,2,0,0,3
525000,5,3,2450,4591,2,0,0,3
777000,3,3.25,3610,59677,2,0,0,3
550000,4,2,2250,7500,1,0,0,5
523000,3,1.5,1240,7735,1,0,0,4
628000,4,2,2260,6000,1,0,0,3
581000,4,1.75,2090,8164,1,0,0,4
245000,5,1.75,2020,7902,1,0,0,3
415000,3,1.75,1960,5000,1,0,0,5
1895000,5,2.25,3120,16672,2,0,0,4
225000,3,1.5,1250,7500,1,0,0,3
287000,3,2.25,1490,9600,1,0,0,4
799200,6,3,2890,2370,2.5,0,0,3
239950,3,1,1900,33888,1.5,0,0,4
591000,3,1.75,1680,2400,1,0,0,5
700000,3,2.5,2030,8398,2,0,0,4
475000,4,2.5,3740,8700,1,0,0,3
575000,3,1.75,1580,11750,1,0,0,4
771000,3,2.25,1780,6120,1.5,0,0,4
155000,2,1,910,6232,1,0,0,3
550000,7,4,3440,8100,2,0,0,3
645000,3,2.5,1740,13750,2,0,0,4
464000,5,2.5,3400,8970,1,0,0,4
1050000,4,3.25,4400,16625,2,0,0,3
350000,3,2.5,2010,14298,2,0,0,3
591000,4,2.25,2710,38180,2,0,0,4
2555000,4,2.5,5300,26211,2,1,2,2
717000,3,1.5,1310,3880,1,0,0,3
225000,4,1.5,1950,12559,1.5,0,0,3
225000,3,1,1040,6535,1,0,0,3
345000,3,1.75,1090,7200,1,0,0,3
230000,2,0.75,650,5360,1,0,0,4
385000,3,2,1480,6600,1,0,2,3
90000,2,1,790,2640,1,0,0,3
860000,4,2.5,3560,11119,1,0,2,3
675000,4,2.5,3000,5548,2,0,0,3
975000,4,2.5,3490,7494,2,0,3,3
780000,3,1.75,2340,10495,1,0,0,4
370000,3,1.75,1650,8254,1,0,0,5
665000,3,2,1940,5820,1.5,0,0,5
675000,5,3,3410,9600,1,0,0,4
620000,3,1,1710,4050,1.5,0,0,3
1105000,4,1.5,2740,4000,2,0,0,5
450000,3,2.75,1250,892,2,0,0,3
450000,3,2.25,2450,42180,1,0,0,4
530000,3,1.75,1690,8190,1,0,0,4
635000,4,1.75,1950,13320,1,0,0,4
580000,5,2,2290,7125,1,0,0,3
1550000,5,3.25,3370,17458,1,0,2,5
285000,3,1,1090,8640,1,0,0,4
375000,3,1,1190,9486,1,0,0,4
1400000,5,4.25,3530,7924,2,0,0,3
560000,3,1,1440,5000,2,0,0,3
405000,4,1.75,2180,13529,1,0,0,3
413000,4,1,1410,6000,1,0,0,3
287600,3,2.5,1950,8251,2,0,0,3
1680000,5,3.25,4860,23723,2,0,2,4
225000,3,1,1660,7210,1,0,0,3
319000,3,1,1390,12823,1,0,0,4
322500,3,2,1350,14200,1,0,0,3
570000,3,2,1530,5401,1,0,0,4
465000,3,1.5,1270,5112,1,0,0,3
435000,4,2.25,2140,6355,2,0,0,3
502000,4,2.5,2040,5616,2,0,0,3
525000,3,3.5,2876,5086,2,0,0,3
525000,3,2.5,1580,1161,2,0,0,3
660000,4,3.5,3400,5196,2,0,0,3
870000,4,2.5,3520,6773,2.5,0,0,3
650000,4,2.5,2210,4861,2,0,0,3
505000,4,2.5,2790,5602,2,0,0,3
330000,3,2.5,1450,5008,1,0,0,3
385000,4,1.75,1620,4980,1,0,0,4
306000,3,1.5,1220,1086,3,0,0,3
546000,3,1.75,2000,5000,1,0,0,4
925000,4,2.5,2190,7350,2.5,0,0,5
542000,4,1.75,1900,8250,1,0,0,4
800000,3,1,1700,4400,1.5,0,0,4
620000,5,2.5,2540,3832,2,0,0,5
175000,2,1,1170,8925,1,0,2,3
740000,5,5,5774,31675,1,0,2,3
345000,3,2.25,2120,15003,2,0,0,3
510000,3,1.75,2170,26460,1,0,0,3
530000,4,2.75,2450,15002,1,0,0,5
155000,2,1,700,5200,1,0,0,5
266000,3,2.5,1780,7214,1,0,0,4
257200,3,2,1850,8250,1,0,0,4
265000,3,2,1570,5706,1,0,0,3
372220,3,1,1290,5500,1,0,0,3
337500,5,2,1700,7314,1,0,0,3
582500,2,1.5,1159,4800,1,0,0,3
489200,3,2.75,1850,9600,1.5,0,0,5
405100,2,1,840,3522,1,0,0,3
372977,3,2.5,1690,1618,2,0,0,3
310000,3,1,1050,9876,1,0,0,3
538000,3,1.75,1400,3825,1.5,0,0,4
1400000,3,2.5,2550,7200,2,0,2,3
317000,3,2.5,1840,5011,2,0,0,3
702500,3,1.5,2360,6750,2,0,0,5
565000,4,2.5,2240,14667,2,0,0,4
723000,4,2.5,2700,4004,2,0,0,3
766950,3,2.5,3030,30007,1.5,0,0,4
682000,3,1.75,1830,5120,1.5,0,2,5
325000,3,2.5,2220,6049,2,0,0,4
543000,3,2.5,2090,7640,1,0,0,3
525000,3,1.75,1600,6120,1.5,0,0,3
364000,4,1.75,2010,8625,1,0,0,4
394475,2,1,830,4000,1,0,0,3
316000,4,2.5,2010,7226,2,0,0,3
339950,3,1,1050,5402,1.5,0,0,4
486000,4,2.5,2150,39449,1,0,0,3
160000,3,1,860,11900,1,0,0,4
930000,3,2.5,3100,20553,1,0,0,3
139000,3,1,1100,17334,1,0,0,3
562000,3,1.5,1830,8000,1,0,0,4
299000,2,1.75,1250,34395,1,0,0,4
511000,3,2.5,1820,4883,2,0,0,3
499000,3,2,2090,42689,1.5,0,0,3
356000,3,3.5,2100,12384,2,0,0,3
470000,4,2.5,2310,14023,2,0,0,3
715000,4,2.25,2060,5649,1,0,0,5
1120000,4,2.25,4470,60373,2,0,0,3
458000,3,1,1660,7500,1,0,0,4
966000,5,4.5,3810,8019,2,0,0,3
305495,3,1.75,2110,10200,2,0,0,4
543000,2,2,2370,217800,1.5,0,0,3
340000,3,2.25,1970,3716,2,0,0,3
633100,4,2.5,2470,33305,2,0,0,3
310000,3,1,1480,7830,1,0,0,3
349950,5,3,2257,10117,1,0,0,3
267800,2,1,700,6000,1,0,0,4
234000,4,2,1630,9010,1,0,0,4
740000,4,2.5,3430,10157,2,0,0,3
607500,5,1.75,2220,6000,1.5,0,0,3
223000,3,1.75,1340,7473,1,0,0,4
400000,2,1,980,2130,1,0,0,4
802000,3,2.5,2580,13096,2,0,0,3
253000,4,2.5,2230,4541,2,0,0,3
1058000,4,2,2290,11137,1,0,0,4
300000,3,1,1260,8280,1,0,0,3
625000,4,2.75,1680,11180,1,0,0,4
707000,4,3.25,3200,7081,2,0,0,3
950000,4,2.5,3320,7644,2,0,0,3
420000,4,2.5,3040,24123,2,0,0,3
498000,4,2.75,2270,7375,1,0,0,4
450000,3,2.5,2910,17172,2,0,0,3
955000,5,2.25,2510,9887,2,0,0,3
215000,2,1,1240,7200,1,0,0,3
437000,3,2.75,2580,5200,2,0,0,3
773000,3,2.75,2470,3600,2,0,0,3
1222500,4,3.5,4910,9444,1.5,0,0,3
256883,3,2.5,1690,5025,2,0,0,3
592500,4,2.5,2240,12032,1,0,0,3
252350,3,2,1650,7352,1,0,0,3
370000,4,2.5,2710,5880,2,0,0,3
465750,3,1.5,1260,10350,1,0,0,3
185000,3,1,1150,8100,1,0,0,3
582800,4,2.75,2550,7636,1,0,0,3
245000,3,1.75,1490,6930,1,0,0,4
302000,4,1.75,2020,7865,1,0,0,4
451555,2,1,1320,4520,1,0,1,3
250000,3,1,1230,10350,1,0,0,4
255000,4,2.5,2070,7800,2,0,0,3
840000,4,1.75,2930,11562,1,0,3,3
190000,3,1,1090,8520,1,0,0,3
349950,3,1,1400,7066,1,0,0,3
613000,4,2,1550,4815,1.5,0,0,3
300000,3,1,1220,13000,1,0,0,4
455000,3,2.5,1870,7344,1,0,0,3
335000,3,2.25,2150,30476,2,0,0,3
197500,3,1,980,3090,1.5,0,0,3
412500,3,1.5,1490,8475,1,0,0,4
395300,3,1.5,1120,7000,1,0,0,3
342400,3,2.25,1180,9630,2,0,0,3
749400,4,2.5,3240,20301,2,0,0,3
316500,4,2.5,2150,6807,2,0,0,4
390000,3,2.5,2240,10800,2,0,0,3
225000,3,2,1400,7384,1,0,0,3
550000,3,2.25,1980,40887,1,0,0,4
280000,3,1,1330,20562,1.5,0,0,3
1255000,4,2.5,3200,7535,2,0,0,3
575000,2,1,1490,6000,1,0,0,3
1000000,5,4.25,3920,16258,2,0,0,3
585000,5,1.75,2000,3750,2,0,0,4
620000,4,2.5,2680,9185,2,0,0,3
204700,4,2,1670,9987,1,0,0,3
695000,4,3,3150,9130,2,0,0,3
689900,4,3.25,2740,7266,2,0,0,3
375000,4,1.75,1890,8000,1,0,0,4
475000,7,3.5,2870,29699,1,0,0,3
215000,3,1,1160,10384,1,0,0,4
2100000,4,1.75,3550,19865,2,0,0,3
790000,3,1.75,1790,6117,1,0,2,3
350000,3,1.75,1680,250470,1,0,0,4
695000,3,2.5,4560,17622,2,0,0,4
263000,3,2.25,1590,7748,2,0,0,4
400000,3,1,1630,10304,1,0,0,5
525000,3,2.5,2700,7434,2,0,0,3
349950,3,2.5,1700,7496,2,0,0,3
1085000,4,3.25,3740,12080,1,0,0,3
744000,4,3,1980,5352,2.5,0,0,3
312500,2,1,880,6345,1,0,0,3
240000,3,2,1400,6200,1,0,0,3
495000,4,2,2050,4000,1.5,0,0,5
580050,3,2.5,2360,4638,2,0,3,3
640000,4,2,2560,7798,1,0,0,4
417000,3,1.5,1340,10224,1,0,0,4
174950,3,1,1060,5200,1,0,0,5
295000,3,1.5,850,2500,1,0,0,3
423000,4,1.75,1880,7303,1,0,0,3
839000,3,1,1230,12305,1,0,0,3
343000,4,1.75,2290,10290,1,0,0,3
467000,3,1,1660,6582,1,0,0,5
512500,3,2.5,1840,2875,2,0,0,4
575000,4,2.5,3020,17810,1,0,0,3
465000,3,1.75,1410,6886,1,0,0,3
270000,3,1,1010,9514,1,0,0,3
340000,3,1.75,1960,8136,1,0,0,3
765000,5,3.75,3580,14275,2,0,0,3
497000,4,2.5,2240,7200,2,0,0,3
803100,4,2.5,3310,5404,2,0,0,3
344000,3,2.5,1232,1130,3,0,0,3
828950,4,3.5,3930,5680,2,0,1,3
386380,3,2.5,1720,3600,2,0,0,3
312000,3,2.25,1490,974,2,0,0,3
720000,3,2.5,3150,151588,2,0,0,3
914500,4,2.5,3950,10856,3,0,0,3
819995,5,2.75,3030,10335,2,0,0,3
252700,2,1.5,1070,9643,1,0,0,3
437500,3,2.5,2320,36847,2,0,2,3
350000,1,1,700,5100,1,0,0,3
619000,3,2.5,2720,6439,2,0,0,3
408200,3,2.5,1800,5761,2,0,0,4
451000,3,1.75,1560,4049,1.5,0,2,3
317000,3,2,1760,11410,1,0,0,5
799000,4,3.25,3120,5000,2,0,0,3
720000,2,1,2020,7200,1,0,3,4
490000,3,2,1450,2400,1.5,0,0,3
239900,4,2.25,1860,7000,1,0,0,3
446000,4,2.25,2270,7800,1,0,0,3
275000,3,2.5,1480,15639,2,0,0,3
239950,5,1,1460,6032,2,0,0,4
248000,4,3.5,1850,6519,2,0,0,3
619500,3,2.5,2170,5000,2,0,0,3
363750,3,1.75,1726,197326,2,0,0,4
385000,3,1.75,1180,10541,1,0,0,4
370000,4,1.5,1370,9957,1,0,0,3
425000,3,2.5,2670,13218,1,0,0,4
342000,3,1,1260,6826,1,0,0,3
345000,4,1,1980,7991,1.5,0,0,3
724800,3,2,2050,3933,1,0,0,3
725000,5,2.75,2830,5310,2,0,0,3
605000,2,1,910,3600,1,0,0,4
350000,4,2.5,2440,4000,2,0,0,3
785000,3,2,2180,5440,1,0,0,5
250000,3,2,1900,6660,1,0,0,5
565000,3,2.25,1520,1221,3,0,0,3
875000,3,2,2220,6641,1,0,2,4
862500,4,2.75,3280,24440,2,0,0,3
400000,3,2.5,2740,83199,2,0,4,3
282613,2,1,830,6017,1,0,0,4
174500,2,1,1010,5200,1,0,0,3
306500,3,2.25,2060,38377,1,0,0,4
445000,3,2.25,1990,7340,2,0,0,3
433000,4,2.5,2280,7568,2,0,0,4
306000,3,2.5,1870,5874,2,0,0,3
620000,3,2.25,1720,4000,1.5,0,0,4
245000,2,1,870,6150,1,0,0,3
238000,3,2,1020,1204,2,0,0,3
523000,3,1.5,1260,3135,1.5,0,0,3
522500,3,2.5,2370,7875,2,0,0,3
180000,3,1,1000,18513,1,0,0,3
375000,3,1.5,1100,1751,2,0,0,3
249000,3,2.25,1440,7673,1,0,0,3
730100,4,2.5,3120,14300,2,0,0,3
551000,2,2,2260,9604,1,0,0,3
375000,4,2.5,2790,7956,2,0,0,3
540000,1,1,1140,6700,1.5,0,0,3
605000,3,2.25,1290,2500,2,0,0,4
205000,5,1.75,1730,5200,1,0,0,4
645000,4,2.5,3160,11380,2,0,0,3
314000,4,2.5,2340,8990,2,0,0,3
330000,3,1.5,1170,4950,1,0,0,4
490000,2,1,1160,5000,1,0,0,4
445000,3,3,1970,24318,1,0,0,3
2000000,5,4.25,6490,10862,2,0,3,4
377500,3,2.25,1410,1377,2,0,0,3
480000,4,2.5,2430,5000,2,0,0,3
804995,5,1.5,3360,5402,2,0,0,3
341000,3,2.5,1480,1663,2,0,0,3
675000,5,2.5,3200,6455,2,0,0,3
611000,3,2.5,2134,1984,2.5,0,0,3
379950,3,3.25,1860,1787,3,0,0,3
1270000,4,3,5520,8313,2,0,3,3
500000,2,2.5,1310,1500,2,0,0,3
410000,3,2,1700,4250,1,0,0,3
415000,3,2.5,2480,8342,2,0,0,3
297000,5,2.5,1970,8605,2,0,0,4
575550,4,2.5,2060,7475,1,0,0,3
534640,3,2.5,2130,3500,1,0,0,4
352500,3,2.25,1410,14110,1,0,2,3
488000,2,2,1360,4688,1,0,0,3
732000,3,2,1940,55756,1,0,0,5
215000,2,2.25,1610,2040,2,0,0,4
592500,2,2,1420,9191,1.5,0,2,5
290000,4,2.5,1700,7280,2,0,0,4
475000,2,1,1490,3825,1,0,0,3
320000,3,2.5,2680,7757,2,0,0,3
1216000,4,2.5,3190,8684,1,0,3,5
290000,5,1.5,2120,7700,1.5,0,0,5
487250,4,2,1690,3250,1.5,0,0,3
339000,4,2.5,1830,8601,2,0,0,3
440000,2,1.5,1010,1968,1.5,0,0,5
366500,4,2.75,2070,9300,1,0,0,5
462000,3,1.5,1710,4500,1.5,0,0,3
560000,4,1,1660,4690,1.5,0,0,3
285000,4,1.75,2080,13629,1,0,0,4
280000,3,2.5,1270,9675,2,0,0,3
210000,3,1,1080,21043,1,0,0,3
690000,3,2,1610,5100,1.5,0,0,5
256500,2,1,1120,9912,1,0,0,4
411000,4,2.75,2500,5257,2,0,0,3
215000,3,1,970,7275,1,0,0,4
762000,5,2,3370,5000,1.5,0,0,4
359950,3,1,1290,189486,1,0,0,4
480000,4,3.5,3370,435600,2,0,3,3
1405000,4,3.5,3410,10769,2,0,0,3
390000,4,2.5,2490,8290,2,0,0,3
413500,2,1,770,4000,1,0,0,5
285000,1,1.5,810,3211,2,0,0,4
475000,4,2.5,3060,10043,1,0,0,4
386591,3,2.5,1690,1613,2,0,0,3
524950,3,1.75,1890,3825,1,0,0,3
241000,2,2,1470,3128,2,0,0,3
461000,2,1,1060,7193,1,0,0,3
810000,4,2.5,3480,59242,2,0,0,3
885000,4,2.75,2730,3560,1.5,0,0,3
247000,3,2.25,1580,7941,2,0,0,4
296500,3,2.75,2170,7900,1,0,0,4
141800,2,1,930,4743,1,0,0,4
333000,4,2,1580,7800,2,0,0,2
602000,5,1.75,3290,11900,1.5,0,0,3
565000,4,2.25,2110,10698,2,0,0,4
373000,3,2.5,1670,3565,2,0,0,3
588000,3,2.25,2030,7350,1,0,0,4
485000,3,1,1500,4100,1.5,0,0,3
482500,3,2.25,1450,1445,2,0,0,3
251200,4,1.5,1310,8250,1,0,0,3
869000,5,3.25,4180,49222,2,0,0,4
464000,3,1.75,1630,28600,1,0,0,3
755000,4,2.5,2660,10452,2,0,0,3
280000,3,2.5,1720,1916,2,0,0,3
485000,2,2.25,1260,1240,3,0,0,3
305000,3,1.75,1610,12247,1,0,0,3
110700,2,1,680,8064,1,0,0,3
850000,4,3.5,2640,5900,2,0,2,3
350000,3,2.25,1640,7200,2,0,0,4
319950,4,1.75,2310,8045,1,0,0,4
700000,3,1.75,2010,4905,1,0,0,5
368000,2,1.5,1660,4680,1,0,0,5
433500,3,2.5,2200,3360,2,0,0,3
611000,4,2.5,2460,4200,2,0,0,3
1000000,2,1.75,2430,23400,1,0,4,3
307000,3,1,1370,7500,1,0,0,3
442500,3,1.75,1800,10200,1,0,0,3
485000,3,1.75,2200,7706,2,0,2,3
367000,2,1,700,2334,1,0,0,3
429000,3,2.5,1920,15124,2,0,0,3
446000,5,2.75,2190,12687,1,0,0,5
572500,3,2.25,2030,9791,1,0,0,4
477000,3,2.5,1350,2053,3,0,0,3
518000,3,2.5,1680,2096,2,0,0,3
462000,5,1.75,1250,10530,1,0,0,4
1190000,4,3,2240,6000,1.5,0,0,4
137000,3,1,950,7620,1,0,0,3
530000,3,3.5,2320,3174,2,0,0,3
818000,2,2.5,2380,9374,1,0,2,3
640000,2,2.25,1540,958,3,0,0,3
298450,5,3,2100,9752,1,0,0,3
575000,4,2.5,2500,4945,2,0,0,3
730000,4,2.5,3230,7331,2,0,0,3
551000,3,2.5,2830,5802,2,0,0,3
271310,2,1,870,5340,1.5,0,0,2
675000,4,3,2690,28300,1,0,0,3
479000,3,2.5,1260,889,3,0,0,3
520000,4,3.5,2680,10000,2,0,0,3
599950,3,2.5,2660,4975,2,0,0,3
483945,2,1.75,1480,5120,1,0,0,4
390000,4,2.25,1770,33132,1,0,0,4
192500,2,1,950,7692,1,0,0,3
330000,2,1,860,8308,1,0,0,4
250000,4,2,1960,7560,1,0,0,5
243000,2,1,1770,5522,1.5,0,0,4
575000,4,1.75,1280,6060,1,0,0,3
639000,4,2.5,2150,12028,2,0,0,4
710000,2,1,1790,4000,1,0,0,4
675000,3,2.25,1990,10260,2,0,0,4
405000,5,2.5,2430,4781,2,0,0,3
615000,4,2.75,2820,13193,1,0,0,3
490000,3,1,1910,8190,1,0,0,4
467000,3,2.25,1270,1213,2,0,0,3
480000,4,2.75,2050,3960,1,0,0,4
755000,6,2,2150,4505,1,0,0,3
760000,4,1.75,2450,13300,1,0,2,4
387000,2,2.25,1230,1280,2,0,0,3
925000,4,2.25,2260,41984,1,0,0,4
415000,2,1,1050,60113,1,0,0,4
263000,3,1.75,1570,7775,2,0,0,3
519900,4,2,1820,9350,1,0,0,4
570000,2,1.75,1540,4025,1,0,0,4
450000,3,1.5,2060,44866,1,0,0,3
1300000,4,3.5,4380,74052,1,0,0,3
300000,3,1,1090,9900,1,0,0,4
320000,3,1.75,1480,7225,1,0,0,4
387500,4,1,1320,4440,1.5,0,0,3
458000,1,2.25,2140,10350,1,0,0,3
1212500,4,3.5,4560,16643,1,0,3,3
380000,4,3,2800,9764,2,0,0,3
200000,3,1,1050,5000,1,0,0,4
385000,3,1.5,1490,9630,1,0,0,4
396675,2,1,1730,6375,2,0,0,4
452000,4,1,1210,3760,1.5,0,0,3
426000,4,2.5,2800,8494,2,0,0,3
792000,3,1.5,1570,1050,2,0,0,3
315000,3,2.25,1400,31626,1,0,0,2
1275000,4,2,2850,7861,1,0,4,4
326000,6,3,1880,7200,1,0,0,4
268500,2,1,790,8424,1,0,0,4
440000,2,1.75,1300,4000,2,0,0,3
300000,3,1,2120,7735,1,0,0,4
525000,3,1.5,1540,4773,2,0,0,3
978000,4,2.75,2620,13777,1.5,0,2,4
1125000,6,3,2880,3192,2,0,0,4
700000,4,1,1680,4021,1.5,0,0,3
315000,2,1,790,6969,1,0,0,3
309000,3,1,1092,7500,1.5,0,0,3
219950,3,1.5,1650,9936,1,0,0,3
289000,3,2.5,2090,4700,2,0,0,3
210000,4,1.75,2180,28710,1,0,0,3
260000,4,2.5,1990,6671,2,0,0,3
699000,4,2.5,2650,7945,2,0,0,3
1800000,4,3.5,4460,16953,1,0,0,3
299950,3,1,910,8000,1,0,0,4
749950,3,2.5,2770,10773,2,0,2,3
1100000,3,2,2390,6888,2,0,1,5
555000,3,2.5,3050,158558,1,0,0,4
384000,3,2.5,1700,4000,2,0,0,3
499950,5,3.5,3200,43560,2,0,0,3
430000,3,1.75,1200,4500,1,0,0,5
350000,4,2.25,2220,6953,2,0,0,4
620000,3,2.5,2480,9041,2,0,0,3
765000,4,2.25,2560,12100,1,0,0,4
250000,4,1.5,2500,6300,1,0,0,4
376000,2,1,1150,4000,1,0,0,3
475000,4,1.75,1650,7775,1,0,0,4
120750,3,1.75,1140,9628,1,0,0,4
1690000,3,1.75,3400,8965,1,0,2,5
330000,3,1,1180,43124,1,0,0,4
619500,3,2.5,1700,4105,2,0,0,3
345000,3,1.5,1240,11200,1,0,0,4
598000,5,2.25,2890,12478,2,0,0,3
335000,3,1,1060,10050,1,0,0,4
372500,4,1.75,1590,10523,2,0,0,4
300000,6,5.25,2860,5682,2,0,0,3
194000,1,1,820,1060,1,0,0,3
507500,3,2,2020,8118,1,0,0,3
325000,4,2.25,1870,9680,1,0,0,4
329900,3,2.5,2170,4905,2,0,0,3
329000,4,2.5,1600,6765,1,0,0,3
494000,4,1.75,2090,4300,1.5,0,0,4
206000,4,2,1700,6025,1,0,0,3
423000,4,1.75,1940,6909,1,0,0,4
259000,3,1,1320,8625,1,0,0,4
879950,4,2.25,3500,13875,1,0,4,4
345600,5,3.5,2800,5120,2.5,0,0,3
395000,3,1.5,1080,2940,1.5,0,0,4
625000,4,2.5,3550,8048,2,0,0,3
439000,3,2,2010,251341,2,0,0,3
380000,3,1.75,1690,1468,2,0,0,3
440000,3,1.5,1270,1443,3,0,0,3
415000,3,2.25,1970,2377,2,0,0,3
860000,4,2.75,3160,8097,2,0,0,3
500000,3,2.5,1210,1200,3,0,0,3
953007,4,3.5,3120,5086,2,0,0,3
515000,4,2.5,2670,8765,2,0,0,3
772000,3,2.25,1640,1204,3,0,0,3
329995,4,2.5,2303,3680,2,0,0,3
409316,3,2.5,1800,3168,2,0,0,3
490000,5,3.5,4460,2975,3,0,2,3
305000,2,2.5,1590,2656,2,0,0,3
785000,4,3.5,3070,4684,2,0,0,3
240000,2,1.75,1330,7200,1,0,0,3
325000,3,1,990,6750,1,0,0,4
535800,4,2.5,1900,5790,2,0,0,3
720000,3,2.5,2020,1159,3,0,3,3
374000,3,1.75,2000,9416,1,0,0,4
189650,2,1.75,1100,7600,1,0,0,3
420850,1,1,960,40946,1,0,0,5
815000,4,2.75,3488,9614,2,0,0,3
1065000,2,1.75,1890,9466,2,0,0,3
199000,4,2,2030,8120,2,0,0,3
195000,3,1.75,1380,7350,1,0,0,3
1506000,4,3.25,3660,5800,2.5,0,0,3
288400,3,2.25,1870,3230,2,0,0,3
442000,4,2.25,2080,12007,1,0,0,4
619420,4,2.75,2450,14803,2,0,0,4
635000,4,2.25,2750,6180,1,0,0,4
210000,3,1,1240,4842,1,0,0,4
512500,3,2.5,1900,7604,2,0,0,3
567000,3,2.5,2540,6093,2,0,0,3
525000,3,2.75,2100,10362,2,0,0,3
475000,4,2,1790,2250,1,0,2,4
250000,3,2,1170,7258,1,0,0,3
220000,3,1,1060,9126,1,0,2,5
230000,5,2,1930,6120,1.5,0,0,3
385500,3,2,1540,7947,1,0,0,3
895000,5,3,2876,13927,1,0,2,4
368250,3,2.5,2150,7484,2,0,0,3
249900,2,1,1140,5500,1,0,0,3
350000,3,1.5,980,7790,1,0,0,5
175000,3,1.75,1230,13056,1,0,0,4
270000,3,1.75,1390,10905,1,0,0,3
495000,3,3.5,2380,6250,2,0,3,3
1580000,3,3.25,3690,7200,2,0,0,3
542500,5,3.25,3010,1074218,1.5,0,0,5
330000,3,1,1250,9126,1,0,0,3
1003000,4,2.75,2290,6120,2,0,0,4
299800,2,1,790,5240,1,0,0,4
299900,3,2.5,2720,6014,2,0,0,3
691000,4,2.75,2550,8632,1,0,0,3
195000,2,1,1080,3899,1,0,0,4
405000,3,1.75,2470,9620,1,0,1,4
360000,2,0.75,850,7710,1,0,2,5
256750,3,2.5,1990,8991,1,0,0,3
332500,3,2.25,1800,10500,2,0,0,3
975000,5,4,4850,36450,2,0,0,3
218000,3,1,1020,7874,1,0,0,3
429000,3,2.5,2420,49928,2,0,0,3
589000,4,2.5,2910,5776,2,0,2,3
255000,3,1.5,1060,9039,1,0,0,3
668750,4,2.5,2340,6420,1,0,2,3
344500,4,2.75,1800,5453,1,0,0,3
452000,4,2,1660,6150,1,0,0,3
540000,3,1.75,1300,62290,1,0,0,3
246000,3,1.5,1780,23819,1,0,0,3
535000,2,1,1030,4841,1,0,0,3
970000,4,3.25,2790,5420,1,0,3,3
430000,3,1,1150,3000,1,0,0,5
520000,4,2.5,3290,11446,2,0,0,3
712000,4,2.5,3400,247421,2,0,0,3
450000,2,1,1200,4000,1,0,0,3
220000,4,2.5,2160,8005,2,0,0,3
525000,3,1,1450,4000,1,0,1,4
1220000,4,2.5,3240,3600,2,0,0,3
540000,3,2,1470,1691,2,0,0,3
600000,4,2.5,2360,5226,2,0,0,3
600000,3,2.25,2230,9053,2,0,0,4
625000,4,2.5,2630,48706,2,0,0,3
150000,3,1,1010,25000,1,0,0,3
389999,3,2.25,1445,1471,2,0,0,3
285000,3,1.75,2380,6000,1.5,0,0,3
744000,4,2.75,2830,13059,2,0,0,3
700000,4,2.5,3010,46173,2,0,0,3
318989,4,2.25,2000,9000,1,0,0,4
556000,3,2.25,2020,3600,2,0,0,3
275000,3,2.5,2030,6326,2,0,0,3
430000,3,2.75,2550,11160,2,0,0,3
300000,2,1,970,13700,1,0,0,3
396450,3,1.75,1540,12446,1,0,0,5
225000,2,1,1396,111949,1,0,0,3
700000,4,3.25,2780,7875,2,0,0,3
260000,6,2,2220,8797,1,0,0,3
655000,4,3.5,2350,13402,2,0,3,3
1185000,3,2.25,2760,40946,2,0,0,5
1550000,3,2.5,4460,26027,2,0,0,3
413800,3,2,1440,4421,1,0,0,3
950000,5,3.75,5330,6000,2,0,2,3
334990,4,2.5,2220,4228,2,0,0,3
2700000,5,4.75,5305,8401,2,0,2,3
1030000,3,4,3880,13095,2,0,3,3
1130000,4,3.25,3810,8519,1,0,1,3
556000,3,3,1960,1168,2,0,0,3
360000,3,2.5,1530,1131,3,0,0,3
480000,4,2.25,3250,34293,2,0,0,4
324000,3,2.5,1750,7208,2,0,0,3
1050000,4,3.25,3440,35021,2,0,0,3
275000,1,0.75,1170,14149,1,0,0,5
180000,3,1,870,5330,1,0,0,3
749000,4,2.5,2930,18199,2,0,0,3
1600000,3,2.5,3160,12824,1,0,2,4
373500,2,1,800,3330,1,0,0,3
770000,4,2.5,2350,8001,2,0,0,4
356000,2,1.75,1060,16470,1,0,0,3
625000,3,1.75,2060,12558,1,0,0,4
494400,2,1.75,1560,1750,1,0,0,4
585000,4,1.75,3000,42200,1,0,3,3
926300,3,1.5,1660,4800,2,0,0,3
600000,3,1.75,1650,5100,1,0,0,5
430000,4,3,3220,8936,2,0,0,3
307000,3,1.5,2320,7500,1,0,0,3
604700,4,2.75,2750,14982,1,0,3,3
219900,3,1,910,6000,1,0,0,2
270000,2,1.5,840,867,2,0,0,3
432000,3,2.25,1470,1578,2,0,0,3
300000,6,2,2040,10812,1,0,0,4
361000,3,1,1100,4046,1.5,0,4,4
249950,2,1,940,8532,1,0,0,4
320000,3,2,1110,10500,1,0,0,5
305000,4,1.75,2200,8100,1.5,0,0,5
503000,2,1.75,2860,59612,1,1,4,3
235750,2,1,740,11250,1,0,0,2
657000,4,1.75,2740,8520,1,0,2,3
385000,3,1,1250,7300,1,0,0,4
389950,4,2.5,3140,8060,2,0,0,3
150000,2,1,820,10270,1,0,0,3
254500,4,2.75,2570,7264,2,0,0,3
555000,4,2.25,2350,8140,1,0,0,4
1075000,4,3,3600,9200,1,0,4,4
245000,4,2,1580,8000,1,0,0,3
319950,2,1,1070,5824,1,0,2,5
337000,3,1,1070,6109,1,0,0,5
492000,4,2,1640,5000,2,0,0,3
1170000,3,2.75,2890,12130,2,0,3,4
348580,3,1,1220,7876,1,0,0,3
180000,2,1,1400,4500,1,0,0,3
400000,3,1,1040,6250,1,0,0,3
295000,4,2,980,10640,1,0,0,5
910000,4,3.25,3340,10890,1.5,0,0,3
1150000,6,4.5,6040,219542,2,0,0,3
431500,3,3.5,1900,1612,2,0,0,3
180000,4,1.5,1740,7292,1,0,0,3
677000,3,2,2000,3207,1,0,0,4
1180500,3,1.75,1610,7200,1,0,0,3
635700,4,2.5,3240,13978,1,0,0,3
482000,5,2.25,2230,9600,1,0,0,3
168000,2,2.5,1160,2174,2,0,0,3
805000,4,2.75,2410,6000,1,0,0,5
398000,2,1,590,10945,1.5,0,0,3
665000,4,2.5,2600,17388,2,0,0,3
592500,4,3,2170,8240,1,0,0,4
940000,4,2.75,2080,4000,1.5,0,0,3
655000,4,2.5,2860,12394,2,0,0,3
622500,4,2.5,2980,8107,2,0,0,3
380000,2,2.5,1230,987,2,0,0,3
648360,4,1.75,2260,7005,1,0,1,4
432000,3,2.75,2200,14925,1,0,0,3
1050000,4,2.5,3030,12590,1.5,0,0,4
353250,2,1,1060,1600,2,0,0,3
1000000,4,3,4260,18687,2,0,0,3
320000,3,2.25,998,844,2,0,0,3
349900,4,2.5,2052,3723,2,0,0,3
330000,4,3.5,3150,6202,2,0,0,3
408000,3,2.25,1950,7221,1,0,0,4
321000,3,2.25,1347,1292,3,0,0,3
1051000,4,3.75,3860,5474,2.5,0,0,3
2150000,4,5.5,5060,10320,2,0,0,3
359000,3,1.5,1360,885,3,0,0,3
300000,5,2.5,2760,6000,2,0,0,3
380000,5,3.5,2420,4670,2,0,0,3
660000,3,2.5,2450,4332,2,0,0,3
355000,3,2.25,1280,959,3,0,0,3
259000,3,2.5,1550,3569,2,0,0,3
353000,1,1,550,1279,2,0,0,3
430000,2,2.5,1520,1588,2,0,0,3
460000,3,1,1670,4005,1.5,0,0,4
80000,1,0.75,430,5050,1,0,0,2
782000,4,2.5,2380,9614,2,0,0,4
218000,3,1,960,9633,1,0,0,5
325000,3,1,1920,6862,1,0,2,3
980000,4,3,3680,5854,1,0,3,3
902000,4,2.25,2530,9200,1,0,0,5
556000,5,2.5,3840,16905,2,0,0,3
662990,3,1.75,1240,3600,1.5,0,0,5
225000,2,1,1300,11867,1.5,0,0,4
439950,4,2.5,2380,12067,2,0,0,3
175000,2,1,1300,44431,1,0,0,5
306000,2,1,780,13500,1,0,0,4
235000,4,2.5,1810,39639,1,0,0,3
399500,3,1.75,2420,12676,2,0,0,3
478000,3,1,1280,2580,1.5,0,0,3
515000,2,1,1680,6500,1,0,0,4
550000,3,2.5,2510,5400,2,0,0,3
149000,3,1,1700,8645,1,0,0,3
526000,3,1.75,1680,3420,1,0,0,3
527550,1,0.75,820,59677,1,0,0,3
1050000,3,4,4380,42769,2,0,0,5
625000,3,2.5,2600,10092,1,0,0,3
950000,5,3.25,3400,7452,2,0,0,3
377691,5,1.75,2120,8399,1,0,0,4
648475,4,2.75,2250,5700,1,0,0,3
383000,3,1,1800,5612,1,0,0,4
535000,3,2.5,2210,7620,2,0,0,3
449950,3,2,1560,4080,2,0,0,3
465425,4,2.75,2430,20720,1,0,0,3
675000,4,2.5,2560,36601,2,0,0,4
599000,3,2.75,1960,2500,1.5,0,0,5
416000,3,1.5,1110,9762,1,0,0,4
595000,2,1.5,1030,4500,1,0,0,3
200000,4,1,1350,11507,1,0,0,3
402000,3,2,1540,1827,2,0,0,3
433000,4,1.75,1830,9600,1,0,0,4
275000,4,1.5,1930,15531,2,0,0,3
410000,3,2,1650,9641,1.5,0,0,3
554820,4,2,3510,12905,1,0,2,3
1325000,4,3,3370,7920,1,0,3,3
735000,3,2.5,2390,9157,2,0,0,3
607000,3,1,1230,8114,1,0,0,4
549900,4,3,2830,213879,2,0,0,4
258000,3,1.75,1620,7540,1,0,0,3
661254,4,4,2290,6250,1.5,0,0,5
945000,4,2,2840,13367,1,0,0,3
799950,4,3.5,4220,196817,2,0,0,3
132500,3,1,1080,10500,1,0,0,3
467100,3,1.75,1620,8645,1,0,0,3
1610000,4,3.5,4390,11600,2,0,3,3
641000,3,1.75,1620,3975,1,0,0,5
350000,3,1,1010,11244,1,0,0,4
335000,4,2.5,1750,8476,1,0,0,4
900000,3,3.5,4080,217697,1.5,0,3,3
440000,4,2.5,2560,10400,1,0,0,4
464600,3,1.75,1120,5500,1.5,0,0,4
1200000,4,3.5,4740,172497,2,0,0,3
300000,2,1,1340,7788,1,0,2,3
670500,4,2,1590,6750,1,0,0,3
552000,3,1,1430,5000,1,0,0,4
244000,4,1,1450,8960,1,0,0,3
788600,4,2.75,3500,7200,2,0,0,3
445000,3,2,1630,8702,1,0,0,3
530000,4,1.75,1814,5000,1,0,0,4
90000,2,1,580,7500,1,0,0,3
585000,3,2,1670,4572,1.5,0,0,3
498000,2,2,1140,8282,1,0,0,3
379000,2,1,800,6380,1,0,2,3
462000,3,1.75,1300,2580,1,0,0,5
388000,4,2.5,2440,7155,2,0,0,3
255000,3,2,1490,8371,1.5,0,0,3
665000,3,2.75,1800,9550,1,0,0,4
550000,3,2,1830,9152,1,0,0,5
606000,3,1,1500,3920,1,0,0,3
334000,4,2.5,2210,6080,1,0,2,4
360000,3,2,1270,1323,3,0,0,3
235000,2,1,1140,1730,1.5,0,0,3
580000,3,2.5,1620,1173,3,0,4,3
355000,3,2,1220,1186,3,0,0,3
375000,2,2.5,750,1430,2,0,0,3
372000,4,1.75,1960,9300,1,0,0,5
479000,3,1,1370,3000,1.5,0,0,3
2000000,5,4,4580,4443,3,1,4,3
1680000,4,4.25,5584,68257,2,0,0,3
501000,2,1,1010,4320,1,0,0,5
245000,3,1.75,1260,6908,1,0,0,3
496700,3,2.5,1740,5782,2,0,0,4
347000,4,1.5,2670,10026,2,0,0,3
199000,2,1,720,7200,1,0,0,5
440500,3,2.5,2460,4399,2,0,0,3
820000,4,2.5,3670,7000,2,0,0,3
325000,4,3.5,2630,3435,1.5,0,3,3
195000,3,1.75,1570,8459,1,0,0,3
675000,3,3,2980,28000,1,0,0,3
295000,3,2.5,1560,4200,2,0,0,3
355300,3,2.5,1620,7410,1,0,0,5
276000,3,1,1140,5000,1,0,0,3
460000,2,1.5,2730,19877,1,0,0,4
880000,3,2,2130,35169,1,0,0,4
370000,3,2.5,1780,4050,2,0,0,3
346000,4,2.5,2100,3916,2,0,0,3
172500,3,1,1140,8800,1,0,0,3
379950,3,1.5,1690,9144,1,0,0,4
468000,2,1,1160,6000,1,0,0,4
477000,4,2.75,1720,6270,2,0,0,3
529000,3,1,1210,3328,1.5,0,0,4
312000,3,1.5,1255,1374,3,0,0,3
326100,2,1,880,7683,1,0,0,3
360000,3,1,1050,9206,1.5,0,0,3
438000,3,1.75,1650,12940,1,0,0,4
360000,3,1,1570,9467,1,0,0,3
1050000,4,2.5,2920,7200,1,0,3,3
688000,4,3,3000,4000,1.5,0,3,3
585000,3,1.75,1850,7735,1,0,0,4
265000,3,2.5,1440,7741,1,0,0,4
375000,3,1.75,1440,8775,1,0,0,3
326500,3,1,1810,12375,2,0,0,3
160000,2,1,1180,9350,1,0,0,3
1570000,4,3.75,3070,5850,2,0,0,5
735000,5,2.75,3390,5211,2,0,0,3
400000,2,1,1470,6120,1,0,0,2
800000,4,2.5,2680,7200,1,0,0,3
949880,4,2.25,2290,10687,2,0,0,3
405000,3,1.75,1980,8100,1,0,0,4
399000,4,2.5,2870,9292,2,0,0,3
730001,3,2,1840,4750,1,0,0,5
1795000,4,3.25,4060,13000,2,0,3,3
260000,3,2,1630,8018,1,0,0,3
751750,2,2,1880,5400,1.5,0,0,3
325000,3,1.75,1780,13095,1,0,0,4
344950,4,2,2330,6250,1,0,0,4
457500,3,1.75,1840,4030,1,0,0,5
389000,5,2,2330,10750,1,0,0,4
515000,4,2.5,3200,6473,2,0,0,3
732000,3,2.5,2330,1987,2,0,4,3
415000,3,2.25,1950,8868,1,0,0,3
1655000,4,3.5,3080,4815,2,0,3,3
535000,2,1,1040,5527,1,0,0,3
540000,4,4.25,1960,3565,2,0,0,3
525000,5,3,2750,3800,1.5,0,0,5
570000,3,1.75,1930,36210,1,0,0,3
569950,5,4.5,4850,40902,2,0,0,3
283200,4,2.5,1982,6406,2,0,0,3
1100000,3,2.75,2640,4050,1.5,0,0,5
830000,4,2.5,1850,50662,1,0,0,3
495000,4,2.25,1940,9144,1,0,0,4
292050,5,3,2840,7199,1,0,0,3
415000,5,1.5,1900,10226,1,0,0,3
295832,5,1,1410,6400,1,0,0,5
450000,4,2.5,2520,8515,2,0,0,3
1381000,4,3.75,3160,9525,2.5,0,0,3
857000,4,3,3720,29043,2,0,0,3
499950,3,3.5,1820,1501,2,0,0,3
465000,3,2,1560,8640,1,0,0,5
329000,3,1,1600,5952,1,0,0,4
475000,3,2,1230,11502,1,0,0,4
255000,3,1,960,8100,1,0,0,3
435000,3,1,1270,4000,1.5,0,2,3
685000,3,2.5,2810,7700,2,0,0,3
715000,2,2.5,2160,5581,1,0,0,3
780000,3,3,2520,2152,1.5,0,0,3
345000,2,1.5,1180,844,2,0,0,3
355000,4,2.25,1810,4970,2,0,0,3
282000,3,2.5,1680,15711,1,0,0,3
244000,3,1,910,5250,1,0,0,4
967500,3,3.75,3250,5797,2,0,2,4
375000,3,1.5,2000,7294,1,0,0,3
1600000,3,3.25,3790,19000,2,0,4,3
527500,3,1.75,2310,78844,1,0,0,3
994000,3,2.25,2510,6339,1.5,0,2,5
313000,3,1.75,1320,6205,1,0,0,5
587000,3,2.25,2370,217800,2,0,0,3
304000,3,1,900,7500,1,0,0,4
675000,3,2.5,2540,7680,2,0,1,4
305000,4,1,2100,9288,1,0,0,4
280000,3,1,1200,6250,1,0,0,3
960000,5,4,3720,15200,2,0,0,3
500000,3,2.25,1760,4539,2,0,0,3
274950,3,1.75,1670,7415,1,0,0,3
455600,3,2.5,2420,8252,2,0,0,3
970000,5,3,3480,15185,2,0,0,4
312900,4,2.5,1630,4473,2,0,0,3
535000,4,2.5,2340,5600,2,0,0,3
427000,2,1,920,3780,1,0,0,3
405000,2,1,910,6490,1,0,0,3
480000,3,1,1150,4945,1,0,2,3
725000,3,1.5,2500,4774,1.5,0,2,3
293000,4,2.5,3250,235063,1,0,2,3
268000,4,2,1930,6600,1,0,0,4
475000,4,3.5,3400,234352,2,0,0,3
488000,3,2.5,1590,2550,3,0,0,3
760000,4,2.5,3330,7399,2,0,0,3
1710000,5,4.5,4590,14685,2,0,0,3
754950,3,2.5,2610,7256,2,0,0,3
263900,3,2.5,1658,2700,2,0,0,3
460000,3,3.5,1600,1431,2,0,0,3
399950,3,3,1296,1051,3,0,0,3
370000,2,2.25,1280,835,2,0,0,3
1149000,4,3,5940,11533,2,0,4,3
450800,4,3.25,2510,5311,2,0,0,3
627000,3,3.5,2710,3475,2,0,0,3
495000,3,2.5,1750,1548,3,0,0,3
310000,3,1,1430,19901,1.5,0,0,4
550000,4,1,1660,34848,1,0,0,1
215000,2,1,1320,8865,1,0,0,4
799000,4,3,2580,209523,2,0,0,3
630000,4,2.5,2740,43101,2,0,0,3
267000,3,2.5,2495,4400,2,0,0,3
900000,6,2.75,2300,24773,1.5,0,0,4
365000,3,1.5,1300,12240,1,0,0,3
544500,4,2.5,2230,10414,1,0,0,5
599000,4,2.75,2020,2750,1,0,0,3
815000,4,2.25,2000,3800,2,0,0,3
254000,2,1,1060,8187,1,0,0,4
740000,2,1.75,2080,4800,1,0,0,5
225000,3,2,2030,24829,1,0,0,4
925000,3,2.5,2690,7000,2,0,0,5
1285000,4,2.5,3240,10800,1,0,0,3
537000,3,2.5,1550,12920,2,0,0,5
335000,4,2,1480,3132,1,0,0,5
840000,4,2.75,3040,2800,2,0,0,3
224000,3,1.5,1560,7300,1,0,0,4
395000,3,2.5,2250,3757,2,0,0,3
450000,3,1,1100,4600,1,0,0,3
681000,3,1,1700,6356,1.5,0,0,3
898000,5,1.5,2680,28014,1,0,0,4
370000,3,1,800,2296,1,0,0,4
429000,2,1.75,1350,6315,1,0,0,3
150000,3,1,820,7680,1.5,0,0,3
555000,3,2.5,3160,4270,2,0,0,3
326000,3,2.75,1720,28000,1,0,0,4
225000,3,2.5,1680,6755,2,0,0,3
245100,3,1.75,1300,7958,1,0,0,3
665000,3,2.5,2190,10370,2,0,0,3
535000,3,2.5,1720,4006,2,0,0,3
305000,3,1,1160,11776,1,0,0,3
999000,7,4,3150,34830,1,0,0,3
215000,3,1.75,1210,8075,1,0,0,4
432500,3,1.75,1980,5100,1,0,0,3
655000,4,2.5,2990,5669,2,0,0,3
266200,3,1.5,1430,9600,1,0,0,4
244615,3,2.5,2060,4030,2,0,0,3
460000,4,3,2230,52983,2,0,0,3
370000,4,2.5,3090,18645,2,0,0,3
465000,6,3.25,4250,23326,1,0,3,3
1175000,3,2.5,1970,23180,1,1,4,3
189000,2,2,1700,3171,1,0,0,5
820000,3,2.5,2510,5503,2,0,2,3
968000,6,2.75,3610,17580,1,0,4,5
1400000,4,3.25,2980,7000,2,0,3,3
438750,3,1.75,1610,6480,1,0,0,4
1210000,4,2.75,3650,6982,2,0,2,4
600000,4,2,2510,38141,1,0,0,3
589000,3,1,1110,6000,1.5,0,0,5
590000,3,2,1650,6150,2,0,0,4
479900,3,2,1980,12150,1,0,0,3
210000,2,1.5,880,1157,2,0,0,3
745000,3,1.75,1490,9800,1,0,0,4
840500,3,2,2520,5400,1.5,0,0,4
420000,3,1.75,1820,22320,1,0,0,3
565000,7,4.5,4140,9066,1,0,0,3
840000,4,2.5,3420,8405,2,0,0,3
681716,4,2.5,3150,7277,2,0,0,3
600000,3,1.75,1580,7416,1,0,0,3
380000,3,2,1660,8281,1,0,0,3
168500,3,1,1100,10125,1,0,0,3
355000,2,1,1270,3200,1,0,0,4
277000,4,1,1450,6250,1,0,0,3
236000,4,2.25,1830,9485,1,0,0,4
270000,3,1.75,1300,4127,1,0,0,4
700000,2,1.75,2320,5500,1.5,0,2,3
425000,4,2.75,1680,9545,1,0,0,4
635000,3,2.5,2300,5500,1.5,0,0,4
510250,3,1.75,1400,4000,1,0,0,3
960000,4,2.25,2410,4560,2,0,2,5
254000,3,2,1480,7480,1,0,0,4
299000,3,1,1390,9624,1.5,0,0,4
175000,2,1,830,2699,1,0,0,3
157500,2,1,740,9003,1,0,0,3
580000,5,2,1940,6000,1,0,0,5
124740,3,1,1340,15600,1,0,0,4
1970000,8,3.5,4440,6480,2,0,3,5
285000,2,1,800,6240,1,0,0,3
242000,3,1.75,1310,9645,1,0,0,3
840000,4,1.75,2330,4000,2,0,0,5
474800,2,3.25,1400,1243,3,0,0,3
490000,4,2.5,2360,4367,2,0,0,3
465000,3,2.25,1840,5752,2,0,0,3
515000,4,2.5,2680,7178,2,0,0,3
430000,3,3.75,3890,7140,1,0,2,3
253400,3,2,1400,8640,1,0,0,5
355000,3,2.5,2400,9701,1,0,0,3
740000,4,2.25,2920,46355,2,0,0,4
186950,2,2,1390,1302,2,0,0,3
306000,3,2.5,1680,11193,2,0,0,3
510000,4,1.5,2040,8800,1,0,0,4
345000,2,1,1080,4000,1,0,0,3
875000,3,2.75,2280,4280,1,0,0,5
700000,4,3.5,4490,5099,2,0,0,3
1400000,4,3.25,4700,9160,1,0,4,3
499950,4,2.5,2798,4473,2,0,0,3
739000,3,2.5,2810,5400,2,0,0,3
363000,4,2.5,3753,7204,2,0,0,3
782000,4,3.5,3910,8095,2,0,0,3
325000,2,2.5,1050,1609,2,0,0,3
485000,4,1,1600,4300,1.5,0,0,4
452000,4,2.25,2590,10002,1,0,0,4
264950,4,2.25,1720,9753,1,0,0,4
472000,6,2.5,4410,14034,1,0,2,4
267500,3,1.75,1590,11914,1,0,2,3
565000,4,2.5,2440,22594,2,0,0,3
535000,3,2.5,1360,1016,3,0,0,3
389000,2,1,910,7000,1,0,0,3
400000,4,1.5,1390,7200,1,0,0,3
264000,3,1.5,1470,14821,1,0,0,4
690000,4,2.5,2920,9904,2,0,0,4
412000,3,1.75,1950,52256,1,0,0,4
695000,3,2.5,2390,4555,2,0,0,3
246500,3,1.5,1270,11600,1,0,0,4
230000,2,1,950,7560,1,0,0,3
302000,2,1,900,423838,1,0,2,5
820000,4,2.25,2280,6660,1.5,0,2,3
145000,3,1,1010,5490,1,0,0,3
436500,2,1,1260,5000,1,0,0,3
2453500,4,3.5,4730,13586,1.5,0,0,5
672000,3,2.5,2620,21587,2,0,0,3
680000,3,2.25,2330,4000,1.5,0,2,5
750500,5,3,2170,2440,1.5,0,0,4
550000,5,2,2450,9488,1,0,0,4
266500,4,1.75,1880,7632,1,0,0,4
619000,4,2,2300,3400,1.5,0,0,5
405000,3,2,1240,14404,1,0,0,3
300000,2,1,820,3844,1,0,0,4
231000,4,2,1530,6375,2,0,0,3
790000,5,3.25,2900,12160,1,0,0,4
400000,4,2.75,1240,3867,1,0,0,3
950000,4,3.5,4140,13392,2,0,0,3
450000,4,2,2240,7725,1,0,0,5
595000,3,2,1480,5000,1,0,0,4
332000,3,2.25,2270,8876,1,0,0,3
155000,3,1,1250,6250,1,0,0,2
400000,5,2,1930,9747,1,0,0,4
349000,4,1.75,1700,7800,1,0,0,5
529000,3,1,1590,6420,1,0,0,3
405000,5,1.75,1880,10000,1,0,0,3
635200,4,1.75,1640,4240,1,0,0,5
540000,3,1.5,2600,5085,1,0,0,4
402000,2,1,710,1173,2,0,0,4
3100000,6,4.25,6980,15682,3,0,4,4
329932,3,1.5,1460,5040,1,0,0,3
300000,3,2.5,2080,9827,2,0,0,3
525000,5,2.5,2630,9216,2,0,0,3
2750000,4,3.25,4430,21000,2,0,0,3
602500,4,2.5,2760,6850,2,0,0,3
400000,4,2,1670,12056,1,0,0,3
445000,4,1.75,1990,4725,1.5,0,0,4
525000,3,3,2600,5238,1.5,0,3,3
395000,2,1,1320,1824,1.5,0,0,4
510000,3,1.5,2240,3800,2,0,0,3
723000,4,2.25,1960,8680,1,0,0,4
503000,3,2,2590,108900,2,0,0,3
672500,4,2.75,2620,6707,2,0,0,3
860000,3,2.5,2770,9136,2,0,0,3
475300,3,1,2110,10005,1,0,0,5
295000,4,2.5,2290,4539,2,0,0,3
1425000,4,4.25,4960,6000,2.5,0,0,3
250000,2,1,1110,26051,1,0,0,3
658000,4,2.75,3310,6166,2,0,0,3
83000,2,1,900,8580,1,0,0,3
685000,3,1.75,1940,7313,1,0,1,4
210000,3,1.75,1590,7617,2,0,0,3
650880,3,2.5,2930,6050,2,0,0,3
350000,4,2.5,2040,22653,2,0,0,3
305000,2,2.25,1000,905,3,0,0,3
645000,3,3.25,1730,1229,2,0,2,3
385000,3,1,1220,4800,1,0,0,3
860000,3,2.25,3060,12095,2,0,0,3
395000,4,2.5,2910,5000,2,0,0,3
260000,3,1.75,1050,5850,1,0,0,3
196440,3,2,1560,7352,1,0,0,3
425000,3,1.75,1680,3000,1,0,2,4
2400000,4,3.25,4140,20734,1,0,1,3
369000,3,2,1550,8509,1,0,0,3
1385000,6,2.75,5700,20000,1,0,4,4
349900,3,2.5,2200,7278,2,0,0,3
650000,2,2.5,1740,2500,2,0,2,3
299950,3,1,1210,9525,1,0,0,3
625000,4,3.25,4240,25639,2,0,3,3
190000,3,2.25,1590,11745,1,0,0,3
715000,4,1.75,3420,7200,1,0,3,5
659000,4,2.5,3190,11375,1,0,0,5
490000,3,1.75,1920,5405,1,0,2,4
415000,2,1.75,1340,4664,1,0,0,3
750000,3,1.75,1700,8400,1,0,0,3
700000,4,2.5,2310,3570,1.5,0,0,3
425000,3,1.75,1510,44000,1,0,0,3
642000,3,2.5,2670,10082,1,0,0,3
655000,4,2.25,2060,8470,1,0,0,3
1365000,3,2.5,2090,6000,1.5,0,0,4
458000,5,2.5,3090,23265,1,0,0,3
330000,2,2.5,1240,1546,2,0,0,3
384950,3,2.5,1860,3690,2,0,0,3
560000,3,1.5,2000,7350,1,0,0,3
950000,4,1.75,2500,92347,1,0,0,4
465000,4,2.25,1820,20349,1,0,0,5
425000,3,2.25,1820,8058,1,0,0,3
315000,3,2,1060,5750,1,0,0,3
530000,3,2.5,1950,9906,2,0,0,3
399000,2,1,940,4800,1,0,0,4
168000,2,1.5,1220,3568,1.5,0,0,4
1886700,5,3.5,4180,17935,2,0,0,3
374000,3,1,1200,9800,1,0,0,4
740000,5,3.75,3990,18897,2,0,0,3
280000,2,1,1880,7560,1,0,0,3
322000,4,2.5,2280,7200,2,0,0,3
459900,3,1.75,2580,11000,1,0,0,4
750000,4,2.75,2600,4674,1,0,0,3
1256500,4,2.5,3150,13700,2,0,0,4
3710000,4,3.5,5550,28078,2,0,2,4
427000,5,2.75,2220,4000,1,0,0,3
800000,2,2.25,1730,31491,2,1,2,4
735000,4,3,2840,4120,1.5,0,0,4
642000,4,2.5,2560,8780,2,0,0,3
240000,3,2,1330,6000,1,0,0,4
645500,2,1,1890,5202,1.5,0,0,4
840000,7,4.5,4290,37607,1.5,0,0,5
475000,2,2,1540,54450,2,0,0,3
568000,4,2,2340,50233,1,0,0,4
325000,3,1.75,2180,10230,1,0,0,4
825500,3,2.5,2780,11964,2,0,0,3
499431,4,2.75,2620,6019,2,0,0,3
919204,4,3.5,3760,5000,2,0,0,3
545000,4,2.5,2720,4738,2,0,0,3
660000,3,2.25,2675,40910,2,0,0,3
538888,5,2.75,2080,13189,2,0,0,3
693000,3,2.5,2460,12028,2,0,0,3
289950,3,2.5,1960,3480,2,0,0,3
587000,4,2.5,2550,6256,2,0,0,3
615000,3,2.25,1760,1146,3,0,0,3
459000,3,1.75,1620,7330,1,0,0,4
243000,3,1.75,1790,12000,1,0,0,3
1505000,4,3.5,3480,7232,2,0,0,3
660000,4,1.75,2780,9900,2,0,0,4
1595000,5,3,3640,8239,2,0,3,3
250000,1,1,750,4000,1,0,0,3
315000,3,1,960,6634,1,0,0,3
404000,3,1.5,2030,8880,1,0,0,3
559900,3,2.75,2930,5569,1,0,0,3
285000,2,2.5,1380,1073,2,0,0,3
500000,3,2,1720,5525,1,0,2,5
380000,2,1,1210,4800,1,0,0,3
469000,3,1,950,4250,1.5,0,0,5
405000,2,1.75,1710,4234,2,0,0,3
439900,2,2,1410,12282,1.5,0,0,5
525000,4,2.5,2910,7631,2,0,2,3
580000,4,2.5,2220,7064,2,0,0,3
1250000,5,3.25,3160,13238,2,0,0,5
275000,3,2,1380,4500,1,0,0,3
629000,3,2,1760,5000,1,0,0,5
395000,1,1,730,3000,1,0,0,3
965000,4,2.5,2460,5000,2,0,0,5
820000,3,1.75,2160,6272,1,0,0,4
661000,4,2.25,1990,4600,1.5,0,2,4
789000,3,3,3740,39640,2,0,2,3
668500,4,2.5,2710,5500,2,0,0,3
350000,3,2.5,2680,7836,2,0,0,3
250000,4,2,1850,7560,1,0,0,4
725995,4,2.5,3190,7869,2,0,2,3
1000000,3,2.5,2730,5832,2,0,0,3
686000,3,1.5,1840,9990,2,0,0,5
665000,4,2.5,2720,10000,2,0,0,3
1965221,4,3.5,4370,8510,2,0,1,3
653000,3,2.5,2290,3475,2,0,0,3
430000,2,1,990,4802,1,0,0,3
305000,2,1.5,1140,2980,2,0,0,3
809000,4,1.5,1840,4337,2,0,0,4
440150,2,1,1110,6800,1,0,0,5
615000,4,2.5,2150,9070,2,0,0,4
1035000,3,2.5,2230,5750,2,0,0,3
455000,2,1,1170,6000,1,0,0,4
635000,3,2.5,1960,7200,1,0,0,4
675000,3,2.25,2610,9002,2,0,0,3
316000,3,2.25,2130,8721,1,0,0,3
955000,3,2.25,3020,43560,2,0,0,3
985000,3,1.75,1670,5400,2,0,0,5
465500,3,1.75,1890,7004,1,0,0,3
305000,3,1,950,13475,1,0,0,3
645000,4,2.5,2430,14400,1,0,0,5
730000,4,2,2360,6000,1,0,0,5
366000,3,1.75,1510,8301,1,0,0,3
290000,3,2.5,2080,4828,2,0,0,3
472500,3,2,1750,15500,1,0,0,3
550000,3,2,1810,4064,1.5,0,0,3
410000,4,1.75,1790,11875,1,0,0,4
440000,4,2.75,2340,11034,1,0,0,3
535000,3,2.5,1690,9626,2,0,0,3
300000,4,2.5,2070,7476,2,0,0,3
432500,3,2.5,2240,6396,2,0,0,3
870000,4,3,4500,21780,2,0,2,3
492000,3,1.75,2770,39927,1,0,0,4
199950,3,1,1010,7245,1,0,0,3
439800,3,1.5,1120,6900,1,0,0,5
320000,5,2.5,3020,21441,1,0,0,4
687000,4,3.25,4400,186846,2,0,0,4
345000,3,1.75,1990,5650,1,0,1,3
274950,3,1,1450,8820,1,0,0,3
270000,4,2.5,1920,8497,2,0,0,3
342000,2,2.5,1175,1366,2,0,0,3
327000,3,1.5,1320,13200,1,0,0,3
610000,5,2.5,3990,3839,1,0,0,4
455000,2,1,1140,5720,1,0,0,3
540000,4,1.75,1720,4240,1.5,0,0,4
411000,4,2.75,2150,9915,1,0,0,5
544000,3,1.5,1790,8203,1.5,0,1,3
802000,2,2.5,2210,6327,1,0,0,3
568500,3,2.75,2180,7519,1,0,0,4
391000,3,2.25,1410,1290,2,0,0,3
298000,3,2.5,1950,3600,2,0,0,3
400000,3,2.5,1495,936,3,0,0,3
425000,3,2.25,1660,6000,1,0,0,3
328500,3,2.5,1950,8130,2,0,0,4
650000,5,2.75,2550,5040,1.5,0,0,5
850000,3,1.75,1370,3850,1,0,0,5
930000,4,2.5,2200,4000,2,0,0,5
530000,3,1.75,1250,6041,1.5,0,0,5
495000,4,2.25,2220,8872,1,0,0,4
500000,3,1.75,1620,4200,1,0,0,5
325000,3,1.75,2250,26337,1,0,0,3
365000,3,2.5,1720,99916,2,0,0,4
471000,4,2.5,3030,9687,2,0,0,3
223000,3,1,1030,9120,1,0,0,3
503000,3,2.5,2190,4882,2,0,0,3
230000,3,2,1440,5600,1,0,0,4
550000,4,2.5,2170,9600,1,0,0,3
1100000,4,3.75,2930,3200,1.5,0,0,5
193000,3,1.5,1180,9048,1,0,0,3
590000,4,4.25,2360,57514,2,0,0,4
712500,3,1.5,1660,8797,1,0,0,4
689800,3,2.75,2390,9313,1,0,0,5
430000,3,2,1360,5120,1.5,0,0,4
785200,3,2.25,1840,3500,1.5,0,0,5
474900,3,2.25,1800,43647,1,0,0,4
1070000,4,3.75,4130,12320,2,0,0,3
435000,3,1.75,2220,132858,1,0,0,3
941500,5,3.5,3490,9680,2,0,4,3
312000,4,2.5,1830,5175,2,0,0,3
835000,4,2.75,1550,4000,1.5,0,0,3
713250,3,2,2050,9000,1,0,0,4
440000,2,1,1230,6600,1,0,0,3
580135,4,2.5,3150,5886,2,0,0,3
575000,3,2.25,3800,33825,1,0,0,4
613000,3,2.5,1350,3068,2,0,0,3
235000,3,2,1530,8700,1,0,0,4
660000,3,2.5,2290,2798,3,0,0,4
280000,2,1.5,1480,15641,1,0,0,4
268000,3,1.75,1970,10270,1,0,0,4
235000,2,1,720,4840,1,0,0,4
390000,3,2,1080,7236,1,0,0,5
654950,4,2.5,2790,45902,2,0,0,3
449500,5,2.75,2040,7488,1,0,0,4
150000,3,1,1320,8220,1,0,0,3
440000,3,2.25,1680,57063,2,0,0,4
710000,3,2,2140,4923,1,0,0,4
420000,3,1.75,1660,9600,1,0,0,3
312000,3,2.25,1540,5338,1,0,0,5
320000,3,2,1880,10758,1,0,0,5
235000,3,1,1250,15603,1,0,0,4
437000,5,2,2120,137565,1.5,0,0,3
545000,3,1.75,1810,3000,1.5,0,0,4
640000,3,2.5,2370,11172,2,0,0,3
432000,3,2.5,1970,4036,2,0,0,4
548000,3,2.5,2110,4099,2,0,0,3
830000,3,3,2080,10521,1.5,0,0,3
875000,4,2.25,3720,12384,1,0,2,5
409950,2,1.75,1370,5125,1,0,0,5
695000,4,2.5,2961,12146,2,0,0,3
562100,3,2.25,2090,12112,2,0,0,3
475000,3,2.5,2600,7210,2,0,0,3
425000,3,2.25,1870,9000,1,0,0,3
600000,4,2.5,2620,9873,2,0,0,3
770000,3,2.5,2430,54059,2,0,0,3
239000,3,1.75,1340,16480,1,0,0,4
295000,2,1,1170,10621,1,0,0,3
560000,3,1.75,2000,10182,1,0,0,5
613000,5,2.5,2070,12000,1,0,0,4
960000,4,3,4590,9150,2,0,0,3
847000,5,1,2550,4623,2.5,0,0,4
206000,3,1,1060,9600,1,0,0,4
253000,2,1.75,1220,5000,1,0,0,5
430000,4,2.25,1790,7203,1,0,0,4
605000,3,2,2060,4040,1,0,0,4
425000,2,2.5,1140,1182,3,0,0,3
720000,4,2.5,2870,12648,2,0,0,4
375900,6,1.5,2550,33740,1,0,0,4
1298000,4,3.5,2790,10125,1.5,0,0,5
210000,3,1,1110,7962,1,0,0,3
234000,2,1,940,5375,1,0,0,4
285000,3,1.75,2880,18296,1,0,0,3
400000,3,1.5,1200,4800,1,0,0,4
718000,3,1,1030,4958,1,0,0,5
174500,2,2.5,1240,2689,2,0,0,3
222400,3,2,1200,9566,1,0,0,3
402500,3,3.25,2780,4002,2,0,0,3
250000,3,2.25,1765,7652,2,0,0,3
600000,4,2.5,1960,14242,1,0,1,4
930000,2,2.5,2680,11214,1,0,0,3
272500,3,2,1410,7622,1,0,0,4
363990,4,2.5,2240,3712,2,0,0,3
575000,4,2.75,3120,7644,2,0,0,3
400000,3,2.25,1450,4706,2,0,0,3
427874,3,3,2340,5002,2,0,0,3
309000,5,2.75,2481,4045,2,0,0,3
320000,3,3.25,1530,1602,2,0,0,3
390000,3,2.25,1250,7500,1,0,0,5
299000,1,0.75,560,12120,1,0,0,3
375000,4,1.75,2200,7475,1,0,0,5
240500,3,1.75,1460,10584,1,0,0,3
320000,3,1.5,1650,9380,1,0,0,5
1270000,5,2.5,3200,17204,1,0,0,3
658588,3,2.25,2560,41346,2,0,0,3
270000,3,2.25,2080,4252,1.5,0,0,3
327500,3,1,1070,7140,1,0,0,3
340000,3,1.75,2190,12626,2,0,0,4
200000,3,1.5,2060,15837,1.5,0,0,3
1025000,3,1.75,2640,8000,1,0,3,4
275000,3,2.5,1720,8755,1,0,0,3
1126000,5,3.5,3880,13885,2,0,3,4
280000,2,1,960,4920,1,0,0,3
485000,3,2.5,2340,59058,1,0,0,3
1901000,3,2.5,2660,13367,2,0,2,3
865000,3,1.75,2090,4725,2,0,0,3
532000,3,2.5,1820,4910,2,0,0,3
364950,4,2.5,2310,8030,2,0,0,3
212500,3,1,920,14400,1,0,0,4
135000,1,1,790,13062,1,0,0,3
437000,2,1.75,1500,6800,1,0,0,4
390000,3,1,1240,11108,1,0,0,4
760000,4,2.5,2730,36183,2,0,0,3
119500,3,1,1170,11000,1,0,0,2
2400000,5,3.25,3410,9088,2,0,3,3
837500,4,2.5,2700,9320,2,0,0,4
327500,4,1.75,1650,7800,1,0,0,3
175000,2,1,670,2378,1,0,0,3
289950,3,2,1670,7757,1,0,0,3
400000,3,1.75,1530,10731,1,0,0,3
219950,3,2.25,1500,7615,1,0,0,3
161700,4,1.75,1720,7200,1,0,0,3
500000,5,3,2920,11440,2,0,0,3
465000,3,1,910,4500,1,0,0,3
540000,3,1,1050,4160,1,0,0,4
525000,3,2,1540,7800,1,0,0,3
324950,3,1,1210,7440,1,0,0,3
565000,5,2.5,2650,11455,1,0,0,3
760500,3,2,1990,3990,1,0,0,5
1100000,5,2.75,2660,8737,1,0,4,5
603500,4,2.5,4060,9734,1,0,4,3
453500,5,2.5,2300,23345,1,0,0,5
583000,6,2.75,2630,16411,1,0,0,4
275000,2,1,770,8149,1,0,0,5
875000,4,2.75,3790,10669,2,0,0,3
335000,4,2.75,2540,7210,1,0,0,4
646000,4,2.25,2500,8500,1,0,0,4
392500,4,2.5,2150,7303,2,0,0,3
785000,3,1.75,1670,9600,1,0,0,5
470000,3,2,1800,12669,1,0,0,3
560000,3,2.5,2070,12708,2,0,0,3
519000,2,1,830,2820,1,0,0,4
746000,3,2.25,2370,9619,1,0,0,4
317000,3,1,1010,5400,1,0,0,3
371000,3,1.5,1420,4500,1,0,0,3
250000,4,2,2120,8701,1.5,0,0,4
532000,4,1.75,2020,7029,1,0,0,4
499950,3,2.5,1520,2208,2,0,0,3
375000,2,1,820,6250,1,0,0,4
640000,3,2.5,1690,1553,2.5,0,0,3
400000,3,2,2260,11305,1,0,0,3
572000,3,2.25,1830,7897,1,0,0,4
310000,3,2,1350,11150,1,0,0,3
989000,5,3.5,3280,4000,2,0,0,3
685000,4,2.5,2770,45514,2,0,0,4
907500,4,2.5,2770,8642,2,0,0,4
427500,4,2.5,2460,5091,2,0,0,3
860000,3,3.25,4720,32467,2,0,2,3
365000,2,1,1250,8100,1,0,0,4
250500,3,2,1710,7225,2,0,0,4
411715,3,1.75,1840,5101,1,0,0,5
415000,4,2.5,2000,5962,2,0,0,3
129000,1,1,650,15364,1,0,0,4
489000,3,1.5,1020,9072,1,0,0,3
170000,2,1,1500,18540,1,0,0,3
418500,3,2.5,2060,4399,2,0,0,3
261000,3,1.5,1810,29308,1,0,0,3
2005000,6,4.5,3810,28176,1,0,4,5
355000,2,1.75,1650,4000,1,0,0,4
742000,3,3.25,1540,704,3,0,0,3
399950,3,1.5,2080,5244,1,0,0,3
791000,3,2.25,2430,5500,2,0,0,3
190000,5,2,1750,10284,1,0,0,4
229500,3,1.75,1770,33224,1,0,0,4
539000,3,2.5,1710,2300,2,0,0,3
549000,4,2.25,2740,88426,2,0,0,3
545000,5,2.5,2730,17240,1,0,0,5
285000,3,2.5,2437,5136,2,0,0,3
648000,4,2.5,3290,6203,2,0,0,3
610000,4,3.5,2910,5260,2,0,0,3
767450,3,2,1630,7599,1,0,0,3
765000,4,3,4410,5104,2,0,0,3
586500,3,2.5,1780,1487,3,0,0,3
520000,3,3.25,1540,1487,2,0,0,3
455000,3,1.75,1420,1189,3,0,0,3
653000,3,2.5,2680,9750,1,0,0,4
279950,3,2,1750,9750,1,0,0,3
449950,3,2.5,2170,4912,2,0,0,3
565000,3,2.75,2390,9966,1,0,0,5
620000,4,2.25,2400,5350,1.5,0,0,4
269000,3,1,1690,4250,1,0,0,3
875000,3,3.5,3250,6000,2,0,0,3
630000,4,3.75,4610,40202,1,0,0,4
425000,4,2.75,2440,15349,2,0,1,4
647500,3,1.75,1290,3870,1,0,0,5
450000,4,1,2000,4676,1.5,0,0,3
440000,3,1,1050,7500,1,0,0,3
445000,4,2.5,2340,3784,2,0,0,3
530000,4,2.25,2210,7665,2,0,0,4
875000,5,2.5,2920,5568,2,0,0,3
685000,3,2.75,3150,219978,2,0,0,4
798000,3,3.5,3590,6402,2,0,0,3
297500,4,2.5,1910,5000,2,0,0,3
749950,4,2.75,3110,35235,2,0,0,4
495000,5,3,2440,4750,1,0,0,3
540000,4,2.25,1330,8400,1.5,0,0,3
395000,3,1.75,1460,22651,1,0,0,4
1300000,6,4.5,3902,3880,3,0,4,4
1075000,5,4.75,5180,17811,2,0,2,3
214100,2,2.5,1150,2064,2,0,0,3
210000,4,1.5,1920,10403,1,0,0,3
499500,3,2.5,2520,53143,1.5,0,0,3
546000,2,1,970,3400,1,0,0,3
292000,5,2.5,2490,7666,1,0,0,4
289000,3,2,1680,8424,1,0,0,3
240000,3,1,1150,4825,1,0,0,4
395000,4,3,1980,7931,1,0,0,4
795000,4,2.25,2070,13084,1,0,0,4
955000,4,4.25,5660,193593,2,0,0,3
725000,4,2.75,2420,10962,1,0,0,3
335000,4,2.5,2610,4781,2,0,0,3
492000,4,3.75,2810,10840,2,0,2,4
250000,3,2.5,1510,10384,1,0,0,2
700000,3,1.75,1910,4800,1,0,0,3
545000,3,1.75,1700,51649,1.5,0,0,5
555000,4,2.75,2020,10720,1,0,0,4
640000,3,1.75,2340,4206,1,0,0,5
390000,3,2,1463,868,3,0,0,3
466500,3,1,1430,3840,1,0,0,3
372500,3,1.5,1180,12324,1,0,0,3
1800000,5,4.5,4400,15580,2,0,0,3
255000,3,2.5,1610,6176,2,0,0,3
466800,3,2.5,1480,14250,2,0,0,3
749000,3,2.5,2670,10338,2,0,0,3
610000,4,1.75,1830,29110,2,0,0,3
356000,2,1,920,4095,1,0,0,4
165000,3,1,1150,19200,1,0,0,4
229000,2,1,1190,7408,1,0,0,3
530000,4,3.25,4160,35654,2,0,0,3
499950,3,2.5,2370,12753,2,0,0,3
619000,4,1.75,1660,3800,1.5,0,0,3
547000,3,2.5,1480,8381,1,0,0,4
359800,4,2.5,2390,6426,2,0,0,3
499000,3,3.5,1690,1432,2,0,0,3
189000,3,1,1010,7560,1,0,0,3
799000,4,3.5,3500,8547,2,0,0,3
257000,4,2.75,2330,7642,1,0,0,3
270000,3,1.5,1890,9450,1,0,0,3
453500,4,1.75,2000,6032,1,0,2,3
237000,3,1,1130,10650,1,0,0,3
456000,4,1.75,1670,9886,1,0,0,5
355500,3,2.5,2600,5540,2,0,0,3
299950,4,1.75,1560,31299,1,0,0,4
335000,3,2,1170,5360,1,0,0,3
268500,4,2.5,2100,4237,2,0,0,3
